Feature ID	kingdom	phylum	class	order	family	genus	species
d81b01f9a1882a6c9babc30387ff5e06	Bacteria	Actinobacteriota	Actinobacteria	Micrococcales	Micrococcaceae	Arthrobacter	
1b89d83ff6c4eaec4a94116eabd58dfc	Bacteria	Actinobacteriota	Thermoleophilia	Solirubrobacterales	Solirubrobacteraceae	Solirubrobacter	
64898936cbf9699c77159517e3f7e68a	Bacteria	Proteobacteria	Alphaproteobacteria	Sphingomonadales	Sphingomonadaceae	Sphingomonas	
457abbd71bcf660a90ec171eb86bd68c	Bacteria	Proteobacteria	Alphaproteobacteria	Rhizobiales	Beijerinckiaceae	Microvirga	
f2a8296e10747ac16ba3d350a8563302	Bacteria	Actinobacteriota	MB-A2-108	MB-A2-108	MB-A2-108	MB-A2-108	
e121ef491ff026015fdda710f96b9e48	Bacteria	Proteobacteria	Alphaproteobacteria	Rhizobiales	Rhizobiaceae		
1d2527874e26d416de0875aca391dfc1	Bacteria	Chloroflexi	TK10	TK10	TK10	TK10	
6f75a56f179607cd6df96b096f960e53	Bacteria	Proteobacteria	Gammaproteobacteria	Gammaproteobacteria_Incertae_Sedis	Unknown_Family	Acidibacter	
86131df84daa83f5bf81909048093669	Bacteria	Actinobacteriota	Actinobacteria	Frankiales	Geodermatophilaceae	Blastococcus	
d60410744f090c4cbf4f7f07cd10ce50	Bacteria	Proteobacteria	Alphaproteobacteria	Reyranellales	Reyranellaceae	Reyranella	
865386b1de56b7268359628d526f6dc5	Bacteria	Proteobacteria	Gammaproteobacteria	Steroidobacterales	Steroidobacteraceae	Steroidobacter	
bfff68f2f3177648a881a8985b474812	Bacteria	Proteobacteria	Gammaproteobacteria	Burkholderiales	Nitrosomonadaceae	IS-44	
b477390f786aac1e1cf3b108bbd169ff	Bacteria	Gemmatimonadota	Gemmatimonadetes	Gemmatimonadales	Gemmatimonadaceae	uncultured	
f7d16a94da5cb12e144a586f130393e5	Bacteria	Proteobacteria	Alphaproteobacteria	Rhizobiales	Xanthobacteraceae	Bradyrhizobium	
e2d81e9417eb93ab2ef085a5d7878b60	Bacteria	Actinobacteriota	Actinobacteria	Micrococcales	Micrococcaceae		
a1789ed5cbf8c3ab344e310bd9926bcf	Bacteria	Actinobacteriota	Acidimicrobiia	IMCC26256	IMCC26256	IMCC26256	
d016d7f5407a2d2b2b3f2e3f6409320b	Bacteria	Proteobacteria	Alphaproteobacteria	Rhizobiales	Hyphomicrobiaceae	Pedomicrobium	
62bae705b9c0f4a8eef504495dfb4b10	Bacteria	Proteobacteria	Alphaproteobacteria	Sphingomonadales	Sphingomonadaceae	Sphingomonas	
1c8d5e8a754d80963af7c2ca3f7cff32	Bacteria	Actinobacteriota	MB-A2-108	MB-A2-108	MB-A2-108	MB-A2-108	
ce1275e68321d2be0f62fbec7619846a	Bacteria	Proteobacteria	Gammaproteobacteria	Burkholderiales	Nitrosomonadaceae	MND1	
f05498ae83afd2c6fd8e29745783ac85	Bacteria	Proteobacteria	Gammaproteobacteria	CCD24	CCD24	CCD24	
80a2a8811ad9b4cc75fae8534c4a2e15	Bacteria	Actinobacteriota	Actinobacteria	Propionibacteriales	Nocardioidaceae	Aeromicrobium	uncultured_bacterium
4b13d51a11669881f4c86a4350653159	Bacteria	Firmicutes	Bacilli	Bacillales	Bacillaceae	Bacillus	
0347c90d02cdd3b46217a52c13dda6fb	Bacteria	Acidobacteriota	Holophagae	Subgroup_7	Subgroup_7	Subgroup_7	metagenome
c3e509d6979c52fc30fb30542d62cd07	Bacteria	Firmicutes	Bacilli	Erysipelotrichales	Erysipelotrichaceae	Turicibacter	
bb90e95041a2226dab676a6dfa60aa44	Bacteria	Proteobacteria	Gammaproteobacteria	Burkholderiales	Comamonadaceae	Ramlibacter	
5aeb4e94830a728f89308e00b8f3ac2a	Bacteria	Actinobacteriota	Actinobacteria	Streptosporangiales	Streptosporangiaceae	Nonomuraea	
14e6956e0d6ce825142b5c7b63a3bb79	Bacteria	Proteobacteria	Gammaproteobacteria	Burkholderiales	Comamonadaceae		
beb8e865c88300642afa92e6af05717b	Bacteria	Actinobacteriota	Acidimicrobiia	IMCC26256	IMCC26256	IMCC26256	
e44268080b7400a17642e39df641727b	Bacteria	Actinobacteriota	Actinobacteria	Propionibacteriales	Nocardioidaceae	Nocardioides	
c63f6ac78ffdfe799863d402d69f28be	Bacteria	Nitrospirota	Nitrospiria	Nitrospirales	Nitrospiraceae	Nitrospira	
4f39a25ce9ca06f93e72c558d9e10595	Bacteria	Actinobacteriota	Thermoleophilia	Gaiellales	Gaiellaceae	Gaiella	
b82084fd6c0476f78f89cb62123f68b1	Bacteria	Proteobacteria	Gammaproteobacteria	Burkholderiales	Oxalobacteraceae	Noviherbaspirillum	
42e296cf8c510c8542277a2cd5ec2931	Bacteria	Actinobacteriota	Actinobacteria	Propionibacteriales	Nocardioidaceae	Nocardioides	
a8d0d8f05831d87683d5f6d78cfa2d38	Bacteria	Gemmatimonadota	Gemmatimonadetes	Gemmatimonadales	Gemmatimonadaceae	uncultured	
5f319b9bbb58432d2713a00131b5691b	Bacteria	Proteobacteria	Gammaproteobacteria	Steroidobacterales	Steroidobacteraceae	Steroidobacter	
4f774e0f0d0b88d7dc22220f682cbaa8	Bacteria	Proteobacteria	Alphaproteobacteria	Rhizobiales	Xanthobacteraceae	Rhodoplanes	unidentified
081aa25e0e71c69ebf268d516c3dd7f9	Bacteria	Proteobacteria	Alphaproteobacteria	Rhizobiales	Devosiaceae	Devosia	
3be5ccf0f025617d98ecbfd2d888b945	Bacteria	Gemmatimonadota	Gemmatimonadetes	Gemmatimonadales	Gemmatimonadaceae	uncultured	
3e5772d388ebfd3b70b4ef76b0d3d763	Bacteria	Proteobacteria	Alphaproteobacteria	Rhizobiales	Xanthobacteraceae	uncultured	
5c5de567ad4343f6208386c3c591fbfa	Bacteria	Proteobacteria	Gammaproteobacteria	Burkholderiales	Nitrosomonadaceae	Ellin6067	
7f6229ad23cefb4ea19dff74a76e3a6d	Bacteria	Proteobacteria	Alphaproteobacteria	Rhizobiales	Hyphomicrobiaceae		
31f4fb5452ab2cdc7de732e3dc68423f	Bacteria	Proteobacteria	Gammaproteobacteria	Burkholderiales	TRA3-20	TRA3-20	uncultured_Rhodocyclaceae
b321d5a3fcc834facb6b5d81cdc7f73f	Bacteria	Actinobacteriota	Thermoleophilia	Gaiellales	Gaiellaceae	Gaiella	
11fac9cfdd770ee4e66447e1accf5b7e	Bacteria	Proteobacteria	Gammaproteobacteria	Burkholderiales	Comamonadaceae		
3fa5707bb0c63f3c575d5ccfeb52a2c4	Bacteria	Proteobacteria	Alphaproteobacteria	Rhizobiales	Rhizobiaceae		
000f7b039dfd7d855cf11b71c3d2dad8	Bacteria	Actinobacteriota	Actinobacteria	Frankiales	Geodermatophilaceae	Blastococcus	
562589dfde57a31e04a2ca37660225cc	Bacteria	Proteobacteria	Alphaproteobacteria	Rhizobiales	Xanthobacteraceae	Pseudorhodoplanes	
127824830507fe19ac0fe3193992c1c0	Bacteria	Proteobacteria	Alphaproteobacteria	Caulobacterales	Hyphomonadaceae	SWB02	
8363b12e3255d51ae541edb851d7625a	Bacteria	Proteobacteria	Gammaproteobacteria	Burkholderiales	Oxalobacteraceae		
fda1610645c1201ad05467a002189234	Bacteria	Actinobacteriota	Actinobacteria	Frankiales	Geodermatophilaceae	Geodermatophilus	
792b414ff1cd0b8066919e43bb4b30ef	Bacteria	Actinobacteriota	Actinobacteria	Micrococcales	Micrococcaceae	Arthrobacter	Arthrobacter_globiformis
6d2483c3d66cc6a6d89a1c3f2772461f	Bacteria	Proteobacteria	Gammaproteobacteria	Burkholderiales	Comamonadaceae		
2b231d8cb2e2746cec9eaafab41021da	Bacteria	Acidobacteriota	Thermoanaerobaculia	Thermoanaerobaculales	Thermoanaerobaculaceae	Subgroup_10	
96f09e1a1923758ab6906eacd9a2e940	Bacteria	Proteobacteria	Alphaproteobacteria	Sphingomonadales	Sphingomonadaceae	Sphingomonas	
ae89e4f31367e6282286c97409057b1e	Bacteria	Proteobacteria	Gammaproteobacteria	Burkholderiales	Nitrosomonadaceae	MND1	
ce41590ac3fe3f7989ca92ef2f9099c7	Bacteria	Proteobacteria	Gammaproteobacteria	Burkholderiales	SC-I-84	SC-I-84	
867c4de6b660c5caaf778662de6b1640	Bacteria	Actinobacteriota	Thermoleophilia	Solirubrobacterales	67-14	67-14	
9d56b1e6c991b0f7c4a363be09078761	Bacteria	Actinobacteriota	MB-A2-108	MB-A2-108	MB-A2-108	MB-A2-108	
1b488697e27a93e8e574d686e1ee0180	Bacteria	Proteobacteria	Alphaproteobacteria	Rhizobiales	Rhizobiaceae	Phyllobacterium	
b867cc010e739fc63e0711c9df8d4feb	Bacteria	Actinobacteriota	Acidimicrobiia	Microtrichales	Ilumatobacteraceae	Ilumatobacter	
98d00b0f3a665e8760205be7935da775	Bacteria	Actinobacteriota	Actinobacteria	Propionibacteriales	Nocardioidaceae	Nocardioides	
025f723af162a5344ece3f83257a5510	Bacteria	Actinobacteriota	Actinobacteria	Micromonosporales	Micromonosporaceae	Micromonospora	
c00f4ca86bfdf38e4c7b06cd63ffb9ab	Bacteria	Proteobacteria	Gammaproteobacteria	Steroidobacterales	Steroidobacteraceae	Steroidobacter	
a0b33f41e9960a47277a40916052300a	Bacteria	Proteobacteria	Alphaproteobacteria	Rhizobiales	uncultured	uncultured	
cbc1fe54f5b15de899912ef30585584b	Bacteria	Proteobacteria	Gammaproteobacteria	Burkholderiales	Nitrosomonadaceae	MND1	
9681aadf28877d13381ed899be07cd82	Bacteria	Actinobacteriota	Actinobacteria	Micrococcales	Micrococcaceae		
2b45f8a8caea1e76605d0b163a7de06c	Bacteria	Actinobacteriota	Thermoleophilia	Gaiellales	Gaiellaceae	Gaiella	uncultured_Acidimicrobiia
90c6e1e77c9ebc49477b7efb7c1878e7	Bacteria	Actinobacteriota	Actinobacteria	Propionibacteriales	Nocardioidaceae	Marmoricola	
ec531120f5cac94f1762e1330b19da07	Bacteria	Myxococcota	Myxococcia	Myxococcales	Myxococcaceae		
73fe300faf4ecc7933b1553273f29c59	Bacteria	Proteobacteria	Alphaproteobacteria	Rhizobiales	uncultured	uncultured	
7e59f6a1cb815d5c28f86aa6b168c62f	Bacteria	Proteobacteria	Alphaproteobacteria	Rhizobiales	uncultured	uncultured	uncultured_bacterium
47d2c9d8291e45849337596dce3145ac	Bacteria	Acidobacteriota	Thermoanaerobaculia	Thermoanaerobaculales	Thermoanaerobaculaceae	Subgroup_10	
c93c75807211352890e16db883f68fe7	Bacteria	Actinobacteriota	Actinobacteria	Frankiales	Sporichthyaceae	uncultured	
0fe1c21111f46189729afc5b95a40720	Bacteria	Proteobacteria	Gammaproteobacteria	Xanthomonadales	Xanthomonadaceae	Lysobacter	
7ccdb626a4a84a069fc201c5544f5b50	Bacteria	Firmicutes	Bacilli	Bacillales	Bacillaceae	Bacillus	
70528e1dd1b04339b4bed5df4327b2f7	Bacteria	Proteobacteria	Gammaproteobacteria	Burkholderiales	Nitrosomonadaceae	MND1	
24102cf42a0127851067e8fd59f3265c	Bacteria	Actinobacteriota	Actinobacteria	Corynebacteriales	Mycobacteriaceae	Mycobacterium	
0554751e14fa37d221a99fd9fb77cb6d	Bacteria	Myxococcota	Polyangia	Polyangiales	BIrii41	BIrii41	
cf992dfcf480eaec07d67d81ebaf9c09	Bacteria	Proteobacteria	Gammaproteobacteria	Burkholderiales	SC-I-84	SC-I-84	
ab6d6f5b53a61f7bdd20a0d583b926da	Bacteria	Proteobacteria	Alphaproteobacteria	Rhizobiales	Xanthobacteraceae		
e2920224d841d3cc260679ca631994fc	Bacteria	Firmicutes	Clostridia	Peptostreptococcales-Tissierellales	Peptostreptococcaceae	Romboutsia	
b4d1733bb152d785076818a58120a1ca	Bacteria	Firmicutes	Bacilli	Bacillales	Planococcaceae	Sporosarcina	
b6cbb8ea416f5fae8f8ee0c8b5d8b55f	Bacteria	Verrucomicrobiota	Verrucomicrobiae	Pedosphaerales	Pedosphaeraceae	Pedosphaeraceae	
d20e546b8f89f0cc38b9118b1f0d82a7	Bacteria	Acidobacteriota	Thermoanaerobaculia	Thermoanaerobaculales	Thermoanaerobaculaceae	Subgroup_10	uncultured_soil
9a9524210a520a8076c99c633d0cb424	Bacteria	Actinobacteriota	Thermoleophilia	Gaiellales	uncultured	uncultured	
d4182dc499787b3cb721c978a8ed19c7	Bacteria	Actinobacteriota	Actinobacteria	Propionibacteriales	Nocardioidaceae	Kribbella	
f53ad243edbcd0ddfc1113abd86c75e2	Bacteria	Gemmatimonadota	Gemmatimonadetes	Gemmatimonadales	Gemmatimonadaceae	uncultured	
03fcd4d86224a08762cf243ea1a2167c	Bacteria	Proteobacteria	Alphaproteobacteria	Rhizobiales	Xanthobacteraceae	uncultured	
765f91912a540648b78c620b055118b0	Bacteria	Proteobacteria	Gammaproteobacteria	Burkholderiales	Nitrosomonadaceae	Ellin6067	
57005f409a97d0d6655f5530c9fd573f	Bacteria	Proteobacteria	Alphaproteobacteria	Rhizobiales	Rhizobiaceae	Allorhizobium-Neorhizobium-Pararhizobium-Rhizobium	
0f1b9c7bd0bda6bd03c7b56ec376df10	Bacteria	Proteobacteria	Gammaproteobacteria	Xanthomonadales	Xanthomonadaceae	Lysobacter	
f88e14efd8507dd034041aa24c5b22d3	Bacteria	Actinobacteriota	Thermoleophilia	Gaiellales	Gaiellaceae	Gaiella	
5a29ace74944187e0e4fa429f95604c9	Bacteria	Actinobacteriota	Actinobacteria	Pseudonocardiales	Pseudonocardiaceae		
15f49e2c34b5f8ff6799432f098b301a	Bacteria	Actinobacteriota	Actinobacteria	Micrococcales	Microbacteriaceae	Agromyces	
e6a08693f4713b8a29dac219e31a5661	Bacteria	Proteobacteria	Alphaproteobacteria	Caulobacterales	Caulobacteraceae	Phenylobacterium	
21277cba31d485c380185f9eaf5935a4	Bacteria	Actinobacteriota	Actinobacteria	Corynebacteriales	Mycobacteriaceae	Mycobacterium	
3e04ccded3f89a7bf119d48e5be6e03f	Bacteria	Actinobacteriota	Actinobacteria	Micrococcales	Microbacteriaceae	Microbacterium	
5d03ef6199933fb07feb22c6698b7bfb	Bacteria	Proteobacteria	Alphaproteobacteria	Rhizobiales	Rhizobiales_Incertae_Sedis	Nordella	
202157acc9eb7e86929afb9b486f4dc5	Bacteria	Proteobacteria	Alphaproteobacteria	Rhizobiales	Xanthobacteraceae	Pseudorhodoplanes	
6dfdc6a1cee51639e4ebe56869254464	Bacteria	Proteobacteria	Gammaproteobacteria	Burkholderiales	Nitrosomonadaceae	MND1	
8124e6f31981695147d28e004dc89ab4	Bacteria	Actinobacteriota	Actinobacteria	Micrococcales	Microbacteriaceae		
9327836bb3f4cc4af0f25b6672931b42	Bacteria	Actinobacteriota	Thermoleophilia	Solirubrobacterales	Solirubrobacteraceae		
32a24259f2dc25552e49ce9cf09c46ce	Bacteria	Proteobacteria	Gammaproteobacteria	Burkholderiales	TRA3-20	TRA3-20	uncultured_gamma
db4402ec53293ea23e1971adffcec731	Bacteria	Actinobacteriota	Actinobacteria	Streptomycetales	Streptomycetaceae	Streptomyces	
0961419c00b40bc7a188e2d1650906c9	Bacteria	Actinobacteriota	Actinobacteria	Streptosporangiales	Streptosporangiaceae	Nonomuraea	
b161cc1def501c2e5103e1f8940a7eb7	Bacteria	Actinobacteriota	Actinobacteria	Micrococcales	Microbacteriaceae	Agromyces	
9601ca2bb4adfcd2d3181084191c8f10	Bacteria	Actinobacteriota	Actinobacteria	Micromonosporales	Micromonosporaceae	Micromonospora	
fbb9eb559e4b778c68138fe733633c74	Bacteria	Proteobacteria	Alphaproteobacteria	Dongiales	Dongiaceae	Dongia	
5bb90f8b082d03169cd19e53c45cb52a	Bacteria	Actinobacteriota	Actinobacteria	Micromonosporales	Micromonosporaceae	uncultured	
888d7864b3999f8cfb798aee7d5b3a3d	Bacteria	Proteobacteria	Gammaproteobacteria	Burkholderiales	Nitrosomonadaceae	Ellin6067	
cb379c9c77dd77d2b97b4be9ea7750af	Bacteria	Proteobacteria	Gammaproteobacteria	Gammaproteobacteria_Incertae_Sedis	Unknown_Family	Acidibacter	uncultured_proteobacterium
d75d09b1e93425280f035e0f01cdac99	Bacteria	Proteobacteria	Gammaproteobacteria	Burkholderiales	Comamonadaceae		
0ab5a1087e3d457e06e8be6d8febbfd3	Bacteria	Actinobacteriota	Actinobacteria	Pseudonocardiales	Pseudonocardiaceae	Lechevalieria	
2d1a7d3dae89b660f13d13601436f1cb	Bacteria	Actinobacteriota	Actinobacteria	Pseudonocardiales	Pseudonocardiaceae	Lechevalieria	
55978b8fd526a6294b167b7beedface5	Bacteria	Acidobacteriota	Holophagae	Subgroup_7	Subgroup_7	Subgroup_7	
68c70b332ab5f8f19a126d73df3e3995	Bacteria	Proteobacteria	Alphaproteobacteria	Rhizobiales	Beijerinckiaceae	Microvirga	Microvirga_aerophila
67540a2dfb3b2f7f5ac61404c51ca66f	Bacteria	Proteobacteria	Gammaproteobacteria	Gammaproteobacteria_Incertae_Sedis	Unknown_Family	Acidibacter	
2736a3426375af0148ebd82e54e0780a	Bacteria	Proteobacteria	Gammaproteobacteria	Steroidobacterales	Steroidobacteraceae	Steroidobacter	
728f4723415d6c7574f0e1778f150e43	Bacteria	Proteobacteria	Alphaproteobacteria	Rhizobiales	Xanthobacteraceae	uncultured	
7eb77c5e9ebcf4da55a37ddb939031da	Bacteria	Proteobacteria	Alphaproteobacteria	Rhizobiales	Xanthobacteraceae		
d6f7e9d5b8bd06db284c68663068d22f	Bacteria	Actinobacteriota	Actinobacteria	Pseudonocardiales	Pseudonocardiaceae	Lechevalieria	
bd687b90682d7bdd7cc56a19241924e9	Bacteria	Actinobacteriota	Actinobacteria	Propionibacteriales	Nocardioidaceae	Nocardioides	
ff6328dd475b3a370b22e7c5e90ce5dd	Bacteria	Proteobacteria	Gammaproteobacteria	Xanthomonadales	Xanthomonadaceae		
528adced88a560fcc4fbe596c347d52f	Bacteria	Proteobacteria	Gammaproteobacteria	Gammaproteobacteria_Incertae_Sedis	Unknown_Family	Acidibacter	uncultured_proteobacterium
a871edd1ff114e7d93057532fda58792	Bacteria	Proteobacteria	Gammaproteobacteria	Burkholderiales	A21b	A21b	
3fc5059f1a8cabb8254a532e776de1c6	Bacteria	Gemmatimonadota	Gemmatimonadetes	Gemmatimonadales	Gemmatimonadaceae	Gemmatimonas	
ab145b82a11c9e0cce54b3d237b7c89a	Bacteria	Proteobacteria	Gammaproteobacteria	Burkholderiales	Comamonadaceae		
632a82790c443a6e19cfa326e3c211ab	Bacteria	Actinobacteriota	Actinobacteria	Micrococcales	Intrasporangiaceae	Terrabacter	
09c82021f4bc92c4b3a94b522ec9a820	Bacteria	Nitrospirota	Nitrospiria	Nitrospirales	Nitrospiraceae	Nitrospira	
7feae571aab054929e535c751d68e7ee	Bacteria	Proteobacteria	Alphaproteobacteria	Rhizobiales	Rhizobiaceae		
17a6f3613824d7bf765283776801e486	Bacteria	Actinobacteriota	Actinobacteria	Streptomycetales	Streptomycetaceae	Streptomyces	
fc69e807cacdfe546e35ce21500c9e69	Bacteria	Proteobacteria	Gammaproteobacteria	Burkholderiales	Comamonadaceae		
f0747ad79bf63e0085062e60224420bd	Bacteria	Actinobacteriota	Thermoleophilia	Gaiellales	Gaiellaceae	Gaiella	
d9dce281175fc6853698424089350f4c	Bacteria	Proteobacteria	Gammaproteobacteria	Burkholderiales	Nitrosomonadaceae	Nitrosospira	
e9ade8bc8ebe609313f756fbf6d2d358	Bacteria	Proteobacteria	Gammaproteobacteria	PLTA13	PLTA13	PLTA13	uncultured_gamma
7aa1cda9fe9da9ca554fdfae709445ef	Bacteria	Proteobacteria	Alphaproteobacteria	Sphingomonadales	Sphingomonadaceae	Sphingomonas	
273e0570fcc2c8764d2e82e8f8969145	Bacteria	Proteobacteria	Alphaproteobacteria	Rhizobiales	Rhizobiaceae	Ensifer	
e79b4441f81d9d9fcaaa53db84d58544	Bacteria	Firmicutes	Bacilli	Erysipelotrichales	Erysipelotrichaceae	Turicibacter	
75ce939e5c3fc2f70cc030807be7bfad	Bacteria	Proteobacteria	Alphaproteobacteria	Rhizobiales	Xanthobacteraceae		
3bd68e82311469bf7c77694d6e6e4d41	Bacteria	Acidobacteriota	Acidobacteriae	Bryobacterales	Bryobacteraceae	Bryobacter	
5b9ba99da2318e6c0ab3f1b19203f1ec	Bacteria	Chloroflexi	TK10	TK10	TK10	TK10	
e895a793b3f0216c7d35ae362a7a7e28	Bacteria	Actinobacteriota	Actinobacteria	Propionibacteriales	Nocardioidaceae	Nocardioides	
0e544ad87fd453c9854089e81281e268	Bacteria	Actinobacteriota	Actinobacteria	Propionibacteriales	Nocardioidaceae	Nocardioides	
fc2217f503e570a176072e415b79eac8	Bacteria	Proteobacteria	Gammaproteobacteria	Burkholderiales	Comamonadaceae		
a47319fbc38e49198a8f64314440e4ef	Bacteria	Actinobacteriota	Actinobacteria	Micromonosporales	Micromonosporaceae		
510e1e811391df74851b8eb0dc9a6b42	Bacteria	Acidobacteriota	Holophagae	Subgroup_7	Subgroup_7	Subgroup_7	
1d6bc9413b6fb605395a246e0fb4928b	Bacteria	Proteobacteria	Alphaproteobacteria	Rhizobiales	Xanthobacteraceae	Pseudolabrys	
0b491622f66343c98b125f7fce59953f	Bacteria	Proteobacteria	Alphaproteobacteria	Rhizobiales	Rhizobiaceae	Phyllobacterium	
4a3c24305df3fd85aa8ce960cef52def	Bacteria	Proteobacteria	Alphaproteobacteria	Rhizobiales	Xanthobacteraceae	uncultured	
91e1417f9869cc3d89c5a5fe6d72b7e8	Bacteria	Proteobacteria	Gammaproteobacteria	Xanthomonadales	Xanthomonadaceae		
cf595a38abdc05e709e3412525dad19b	Bacteria	Actinobacteriota	Acidimicrobiia	Microtrichales			
cadf84a7cb2e8d0da4ffb3aa71d50714	Bacteria	Actinobacteriota	Actinobacteria	Micromonosporales	Micromonosporaceae		
7fb86bc6ec64d58b9bada5e13c19486f	Bacteria	Actinobacteriota	Actinobacteria	Micromonosporales	Micromonosporaceae	Actinoplanes	
1648be799af33c7e39bafee608772ef6	Bacteria	Proteobacteria	Gammaproteobacteria	Burkholderiales	Nitrosomonadaceae	MND1	
eab7feda7c16bff36d192ee45e22c9ac	Bacteria	Firmicutes	Clostridia	Peptostreptococcales-Tissierellales	Peptostreptococcaceae		
66b9c24064c4872effd2750f6bf4b8bd	Bacteria	Nitrospirota	Nitrospiria	Nitrospirales	Nitrospiraceae	Nitrospira	
0455f539cc73571546437a047af1e6ba	Bacteria	Proteobacteria	Alphaproteobacteria	Sphingomonadales	Sphingomonadaceae	uncultured	
43f6c25c339f9786f4352e2ea0ef9123	Bacteria	Acidobacteriota	Holophagae	Subgroup_7	Subgroup_7	Subgroup_7	
d49085bc23e040cca37de7a4bcc13a23	Bacteria	Proteobacteria	Alphaproteobacteria	Rhizobiales	Rhizobiaceae		
a0fc84412541c3073439a84ec2cc7dd6	Bacteria	Proteobacteria	Alphaproteobacteria	Rhizobiales	Rhizobiales_Incertae_Sedis	Nordella	Nordella_oligomobilis
8101c2b4033e6cc25fe11bb1088ecfd4	Bacteria	Proteobacteria	Gammaproteobacteria	Burkholderiales	TRA3-20	TRA3-20	
cb532368f4b7b8d373113b7215e317d5	Bacteria	Proteobacteria	Alphaproteobacteria	Rhizobiales	Rhizobiales_Incertae_Sedis	Nordella	
13c49ed1bdafce8c488b6fab94a768f3	Bacteria	Actinobacteriota	Actinobacteria	Streptosporangiales	Streptosporangiaceae	Streptosporangium	
87471b61ae926b7655659555658e1f02	Bacteria	Proteobacteria	Gammaproteobacteria	Burkholderiales	TRA3-20	TRA3-20	
76d4a9fe4851343fd620a18d8e2d7c87	Bacteria	Verrucomicrobiota	Verrucomicrobiae	Pedosphaerales	Pedosphaeraceae	Pedosphaeraceae	
3574b8a9af1d884ec69f6e44442944c6	Bacteria	Proteobacteria	Alphaproteobacteria	Rhizobiales	Rhizobiaceae	Allorhizobium-Neorhizobium-Pararhizobium-Rhizobium	
ac0524021c52e46f8eb235596e37a0f0	Bacteria	Proteobacteria	Alphaproteobacteria	Rhizobiales	Rhizobiales_Incertae_Sedis	Bauldia	uncultured_soil
17d6950e8f00480fe4e13f25434cc2ee	Bacteria	Proteobacteria	Alphaproteobacteria	Rhizobiales	Hyphomicrobiaceae	Hyphomicrobium	
47fb5342f05d8940e8572d3d82022680	Bacteria	Proteobacteria	Gammaproteobacteria	Burkholderiales	Oxalobacteraceae		
9670e2181e04e1746981d5907c52d8a8	Bacteria	Proteobacteria	Alphaproteobacteria	Rhizobiales	Rhizobiaceae	Allorhizobium-Neorhizobium-Pararhizobium-Rhizobium	
85c7db0c7722c88278e7722f3d4fe1bb	Bacteria	Actinobacteriota	Actinobacteria	Micrococcales	Microbacteriaceae	Agromyces	
2710fb626e03d4e5f6c5b21ba740d849	Bacteria	Myxococcota	Polyangia	Polyangiales	Polyangiaceae	Pajaroellobacter	
0f4df765d57d999ba3327d723c7a7f29	Bacteria	Proteobacteria	Gammaproteobacteria	Burkholderiales	Comamonadaceae		
35f4be2f94f9e7053e69ea4b06d3966d	Bacteria	Nitrospirota	Nitrospiria	Nitrospirales	Nitrospiraceae	Nitrospira	
4da5fcd1b563c681c99e6c30cd5d7b62	Bacteria	Proteobacteria	Alphaproteobacteria	Rhizobiales	Devosiaceae	uncultured	uncultured_Prosthecomicrobium
80f07cca5dc22387a7930841418f94b5	Bacteria	Proteobacteria	Gammaproteobacteria	Gammaproteobacteria_Incertae_Sedis	Unknown_Family	Acidibacter	metagenome
87e57745d2c69e51deb36f229c72ac2b	Bacteria	Proteobacteria	Gammaproteobacteria	Burkholderiales	TRA3-20	TRA3-20	
6e1362e4ab3cfe832632d6df40a6a21a	Bacteria	Firmicutes	Clostridia	Peptostreptococcales-Tissierellales	Peptostreptococcaceae	Romboutsia	
0392f95137300d8822bdeca84f9b0353	Bacteria	Proteobacteria	Alphaproteobacteria	Rhizobiales	Rhizobiaceae		
29c60fc3f394e4946d454c24830fae9e	Bacteria	Firmicutes	Clostridia	Peptostreptococcales-Tissierellales	Peptostreptococcaceae	Romboutsia	
ec61a737c27a85b027036b1c2f37981e	Bacteria	Actinobacteriota	Actinobacteria	Streptosporangiales	Thermomonosporaceae	Actinomadura	
5fddf4c375875d9fe4ad6387c2844154	Bacteria	Actinobacteriota	Actinobacteria	Corynebacteriales	Mycobacteriaceae	Mycobacterium	
46b9a8050845bfaea7bc6fcb375e4cb2	Bacteria	Myxococcota	Polyangia	Polyangiales	Polyangiaceae	uncultured	uncultured_delta
2a0c8f9e31e9449bd2b7d457c278801a	Bacteria	Actinobacteriota	Actinobacteria	Frankiales	Geodermatophilaceae	Blastococcus	
ff244f8e364accc9d7e9edbc16413ca0	Bacteria	Actinobacteriota	Actinobacteria	Propionibacteriales	Propionibacteriaceae		
692a1262909d3f921326ea1b6cd619c9	Bacteria	Proteobacteria	Gammaproteobacteria	R7C24	R7C24	R7C24	
3698b4621d9fab0fdbfacab74f81d1d7	Bacteria	Proteobacteria	Gammaproteobacteria	Xanthomonadales	Rhodanobacteraceae		
fa39567fb364b822b893aa0971340961	Bacteria	Actinobacteriota	Actinobacteria	Micromonosporales	Micromonosporaceae	Luedemannella	uncultured_bacterium
9c363e841f8ba17fa380c7dfbec23344	Bacteria	Acidobacteriota	Acidobacteriae	Bryobacterales	Bryobacteraceae	Bryobacter	
4b9fbb9181220803d462e495571c05f5	Bacteria	Actinobacteriota	Acidimicrobiia	IMCC26256	IMCC26256	IMCC26256	uncultured_Actinomycetales
7d377d1e7825a64d6f6165e2b0bb1653	Bacteria	Proteobacteria	Gammaproteobacteria	Burkholderiales	Comamonadaceae		
adc11d2f2c6e789130c02e2c8878e0e1	Bacteria	Proteobacteria	Alphaproteobacteria	Rhizobiales	Rhizobiales_Incertae_Sedis	Bauldia	
7483ec4f3baa61414bd6c47bdbafd7d4	Bacteria	Actinobacteriota	Thermoleophilia	Gaiellales			
e84e40b844ecfd2856e23658d1f65f40	Bacteria	Actinobacteriota	Actinobacteria	Micrococcales	Promicromonosporaceae	Promicromonospora	
aa6f0987a39a8011764048e0f6024217	Bacteria	Proteobacteria	Alphaproteobacteria	Rhizobiales	Devosiaceae	Devosia	
c766e88a8b7c90d7b8b2743acd906cdd	Bacteria	Actinobacteriota	Actinobacteria	Frankiales	uncultured	uncultured	
4ff06db1cdb2b1c8461bafce2c6642b4	Bacteria	Actinobacteriota	Actinobacteria	Corynebacteriales	Mycobacteriaceae	Mycobacterium	
d4ec0314da157a0212e7f85925e6d6bf	Bacteria	Proteobacteria	Alphaproteobacteria	Rhizobiales	Methyloligellaceae	uncultured	
dc40a4e196086e2b9ad74b5264f829de	Bacteria	Proteobacteria	Alphaproteobacteria	Rhizobiales	Beijerinckiaceae	Bosea	
6318c30a220ce8ed8b2d6a37923fafa7	Bacteria	Actinobacteriota	Thermoleophilia	Solirubrobacterales	Solirubrobacteraceae	Solirubrobacter	
9418433ba56d9c674fe3d0629c65cb0c	Bacteria	Actinobacteriota	Actinobacteria	Propionibacteriales	Nocardioidaceae	Aeromicrobium	uncultured_bacterium
7e5b0015e8af38fa0746b492b905756f	Bacteria	Actinobacteriota	Actinobacteria	Micromonosporales	Micromonosporaceae	Catellatospora	
c65990540772e2372f934d5cb0ffe2f9	Bacteria	Chloroflexi	Anaerolineae	Ardenticatenales	Ardenticatenaceae	uncultured	unidentified_marine
f78a84661929ba4b05c63fba95d8bccd	Bacteria	Proteobacteria	Alphaproteobacteria	Caulobacterales	Caulobacteraceae	Phenylobacterium	
3ea95f9570dd6d9c94bd1d0b6af7c6f7	Bacteria	Myxococcota	Polyangia	Polyangiales	BIrii41	BIrii41	
a4ce3be7207aa18baa590b8abaaba6fa	Bacteria	Actinobacteriota	Actinobacteria	0319-7L14	0319-7L14	0319-7L14	uncultured_actinobacterium
ee4235159881fb5eb192a976b23bbdff	Bacteria	Proteobacteria	Gammaproteobacteria	Burkholderiales	Nitrosomonadaceae	Ellin6067	
0a4e26c33d2bc0bc15f4f0730736900e	Bacteria	Proteobacteria	Alphaproteobacteria	Rhizobiales	Devosiaceae	Devosia	
6c033f033e87d15942c55f90c6833535	Bacteria	Proteobacteria	Alphaproteobacteria	Rhizobiales	Xanthobacteraceae	Bradyrhizobium	
960b9dd33e7cc45dbda6f55e4e977d31	Bacteria	Acidobacteriota	Subgroup_25	Subgroup_25	Subgroup_25	Subgroup_25	uncultured_Acidobacteria
0a40d18c89bec14539e9a7275d2f4d0c	Bacteria	Proteobacteria	Gammaproteobacteria	Burkholderiales	Nitrosomonadaceae	mle1-7	
0354a293cd2a2d78fb1d50dc79395ff0	Bacteria	Actinobacteriota	Thermoleophilia	Gaiellales	uncultured	uncultured	
23182e8c1860a48f21295c1e72f17bbc	Bacteria	Proteobacteria	Gammaproteobacteria	Burkholderiales	TRA3-20	TRA3-20	
d2d2d117aba2f83f6ab655d9b1d70ab8	Bacteria	Proteobacteria	Gammaproteobacteria	Steroidobacterales	Steroidobacteraceae	uncultured	
ea5e1d6a87f69091aa2f4dd44054473b	Bacteria	Actinobacteriota	Actinobacteria	Micrococcales	Micrococcaceae	Kocuria	
1f9bf6a7be62fae4546720545c85784d	Bacteria	Actinobacteriota	Actinobacteria	Micromonosporales	Micromonosporaceae	Catellatospora	
72365f11ac3e2e0fe428cce95be4bbb6	Bacteria	Actinobacteriota	Actinobacteria	Propionibacteriales	Nocardioidaceae	Aeromicrobium	
950abf476c71e8c7049e1cf15558edd5	Bacteria	Proteobacteria	Alphaproteobacteria	uncultured	uncultured	uncultured	
5fefbdb2f3b8c72e3a8ebfd6764810d7	Bacteria	Firmicutes	Bacilli	Bacillales	Bacillaceae	Bacillus	
9bc2c4931f6edd240b30cd57016d1844	Bacteria	Proteobacteria	Alphaproteobacteria	Rhizobiales	Rhizobiales_Incertae_Sedis	uncultured	
14bc4e4cd78816c0b4c2fd526a17c853	Bacteria	Actinobacteriota	Actinobacteria	Propionibacteriales	Nocardioidaceae	Aeromicrobium	uncultured_bacterium
cd4a157eddb690678ed3adc3ceaba27b	Bacteria	Myxococcota	Polyangia	Polyangiales	BIrii41	BIrii41	
c2864effe6af440896d6a8d4eda2fec0	Bacteria	Proteobacteria	Alphaproteobacteria	Rhizobiales	Rhizobiales_Incertae_Sedis	Bauldia	
7fde6688fe05ae688534b9ee13e34612	Bacteria	Proteobacteria	Gammaproteobacteria	Burkholderiales	Alcaligenaceae		
c5ca14955bc2a3b526aee3b5ae2329e9	Bacteria	Proteobacteria	Alphaproteobacteria	Rhizobiales	KF-JG30-B3	KF-JG30-B3	
96c427a26f9bb3a9d39dce1da90883b5	Bacteria	Proteobacteria	Gammaproteobacteria	Burkholderiales	TRA3-20	TRA3-20	
ab8adb0825658cbd62556ccca098fa6c	Bacteria	Actinobacteriota	Acidimicrobiia	uncultured	uncultured	uncultured	uncultured_Acidimicrobiales
158f129f85ed32fe9ed3f132283ba9c6	Bacteria	Actinobacteriota	Actinobacteria	Micrococcales	Microbacteriaceae	Microbacterium	
2518775ac179ba66ffe59a38feb836c5	Bacteria	Proteobacteria	Alphaproteobacteria	Rhizobiales	Rhizobiaceae		
001acc4b3b7a112381733116f866798d	Bacteria	Actinobacteriota	Actinobacteria	Frankiales	Geodermatophilaceae	Blastococcus	
5691e15d1187ed0a22792fd97a79e3a4	Bacteria	Firmicutes	Bacilli	Bacillales	Bacillaceae	Bacillus	
4c9836a2b243349cf0a5b400a334d510	Bacteria	Actinobacteriota	Actinobacteria	Micromonosporales	Micromonosporaceae	Verrucosispora	
f8db2c21a89d0763de72a5d4845478d1	Bacteria	Actinobacteriota	Actinobacteria	Frankiales	Geodermatophilaceae	Blastococcus	
0f8b4913e91e322b142efd0471772ed8	Bacteria	Proteobacteria	Alphaproteobacteria	Rhizobiales	Xanthobacteraceae	uncultured	
eaa49c907c2cf99d7857f038ed644886	Bacteria	Actinobacteriota	Actinobacteria	Micrococcales	Cellulomonadaceae	Cellulomonas	
304e48fc707c0f4d44c387720dd032ce	Bacteria	Proteobacteria	Alphaproteobacteria	Rhizobiales	Rhizobiaceae	Aminobacter	
60cc895c5af8e200caf71668bfade572	Bacteria	Proteobacteria	Alphaproteobacteria	Rhizobiales	Devosiaceae	Devosia	
e17825220bd965fb71a4cfdbfda6b577	Bacteria	Proteobacteria	Alphaproteobacteria	Rhizobiales	Hyphomicrobiaceae	Pedomicrobium	uncultured_Alphaproteobacteria
7039c19f6b76a55224e58558d5c1b4fb	Bacteria	Nitrospirota	Nitrospiria	Nitrospirales	Nitrospiraceae	Nitrospira	
5a2ede9b4df86d42de49ac5087c1fd95	Bacteria	Proteobacteria	Gammaproteobacteria	Burkholderiales	TRA3-20	TRA3-20	
24269301d3475de2d6e7e677a9bfe747	Bacteria	Proteobacteria	Gammaproteobacteria	Steroidobacterales	Steroidobacteraceae	Steroidobacter	
8f52dac9d42e6e0d417612f1c21979b3	Bacteria	Actinobacteriota	Actinobacteria	Micrococcales	Micrococcaceae	Kocuria	Kocuria_sediminis
f516d92aab2c2d0ec5bcba8056dfd573	Bacteria	Actinobacteriota	Actinobacteria	Pseudonocardiales	Pseudonocardiaceae	Actinophytocola	Actinophytocola_sp.
3b547ade13f9e4bc08539dd8ea523530	Bacteria	Actinobacteriota	Actinobacteria	Pseudonocardiales	Pseudonocardiaceae	Pseudonocardia	
aac99a4152f27fdff032ffc84acd131d	Bacteria	Firmicutes	Bacilli	Bacillales	Bacillaceae	Bacillus	
5b706110adb535ff3eb9c9c1b8bd1538	Bacteria	Actinobacteriota	Actinobacteria	Micrococcales	Cellulomonadaceae	Cellulomonas	
01a0ff354bacf4e3354b20b342561387	Bacteria	Actinobacteriota	Acidimicrobiia	IMCC26256	IMCC26256	IMCC26256	
c188952ba3daef62574673eb2903bab7	Bacteria	Actinobacteriota	Actinobacteria	Streptosporangiales	Streptosporangiaceae	Nonomuraea	Nonomuraea_maritima
031a8dcfe4e1291cac48fee5df053497	Bacteria	Proteobacteria	Alphaproteobacteria	Rhizobiales	Rhizobiaceae	Ensifer	
36ac69d0802d3c6a608491fdda673b68	Bacteria	Proteobacteria	Gammaproteobacteria	Burkholderiales	Nitrosomonadaceae	Ellin6067	
66e24929f713a12e45c1651059a37a78	Bacteria	Actinobacteriota	Thermoleophilia	Solirubrobacterales	67-14	67-14	
6f1135d57986c2249e0526a38782c6c2	Bacteria	Chloroflexi	TK10	TK10	TK10	TK10	uncultured_bacterium
9d7003ae013cd4d0aaead0e81f35bc5c	Bacteria	Proteobacteria	Alphaproteobacteria	Rhizobiales	Rhizobiales_Incertae_Sedis	Nordella	uncultured_bacterium
f203ede9025a3e4604665a94f35e54e5	Bacteria	Actinobacteriota	Actinobacteria	Propionibacteriales	Nocardioidaceae	Nocardioides	
d5df3e9907123efd483d5215549ca821	Bacteria	Verrucomicrobiota	Verrucomicrobiae	Pedosphaerales	Pedosphaeraceae	Pedosphaeraceae	uncultured_subdivision
565898a0660a1cb8242667efff7fd25c	Bacteria	Verrucomicrobiota	Verrucomicrobiae	Pedosphaerales	Pedosphaeraceae	Pedosphaeraceae	uncultured_bacterium
f3bdd01c19dc6605b3954eb8fb00fde1	Bacteria	Gemmatimonadota	Gemmatimonadetes	Gemmatimonadales	Gemmatimonadaceae	uncultured	
c63c78fe99c6bfb5fa2bc3af61b120fe	Bacteria	Chloroflexi	TK10	TK10	TK10	TK10	uncultured_bacterium
1ee5a562f749a4632369d1dd4eb16ad9	Bacteria	Myxococcota	Polyangia	Nannocystales	Nannocystaceae		
3c4c839202e87d7d55e9cb17d3cdbdd1	Bacteria	Myxococcota	bacteriap25	bacteriap25	bacteriap25	bacteriap25	metagenome
7ebd3dd821c91247e9019f738b3cf166	Bacteria	Myxococcota	Polyangia	Haliangiales	Haliangiaceae	Haliangium	uncultured_Myxococcales
c0881c1e91d8045c79c04f1a3f4f31d0	Bacteria	Proteobacteria	Alphaproteobacteria	Rhizobiales	Amb-16S-1323	Amb-16S-1323	uncultured_bacterium
a067e57e68dc0a6980766dd1f0a99d0a	Bacteria	Actinobacteriota	Actinobacteria	Micrococcales	Micrococcaceae		
b3ca99778ec3eb4c97b3f0543f838040	Bacteria	Actinobacteriota	Thermoleophilia	Solirubrobacterales	Solirubrobacteraceae		
5c6e544bddf45a2ab21c724fa2f3fa57	Bacteria	Firmicutes	Clostridia	Clostridiales	Clostridiaceae	Clostridium_sensu_stricto_1	
c67b9a897330b286990d67c27aa60963	Bacteria	Chloroflexi	TK10	TK10	TK10	TK10	metagenome
53fea3572b5149ca274b9a966deb2c0c	Bacteria	Actinobacteriota	Actinobacteria	Micrococcales	Micrococcaceae	Arthrobacter	
87910074f135b42b1a19ff1142fdd6cd	Bacteria	Myxococcota	Myxococcia	Myxococcales	Myxococcaceae		
c78b4816115076740bf851257cdd2b77	Bacteria	Actinobacteriota	Thermoleophilia	Solirubrobacterales	Solirubrobacteraceae	Solirubrobacter	uncultured_bacterium
8856f443cf23952ffd59d30e0f3e0b2b	Bacteria	Chloroflexi	Chloroflexia	Chloroflexales	Roseiflexaceae	uncultured	uncultured_bacterium
95aaf2f8654f7215ed751bd686934b10	Bacteria	Nitrospirota	Nitrospiria	Nitrospirales	Nitrospiraceae	Nitrospira	
29e59f6d61c37327eaf4e4f8d2b4e58a	Bacteria	Actinobacteriota	Actinobacteria	Micrococcales	Intrasporangiaceae	Phycicoccus	
a03dc6e3e1104e4123ca3e12b216db4e	Bacteria	Actinobacteriota	Actinobacteria	Propionibacteriales	Nocardioidaceae	Aeromicrobium	
4957788046e536b7449a369a069cbf1a	Bacteria	Proteobacteria	Alphaproteobacteria	Defluviicoccales	Defluviicoccaceae	Defluviicoccus	
74ea8fe1140516bf5887e3aeacd805f7	Bacteria	Actinobacteriota	Actinobacteria	Frankiales	Frankiaceae	Jatrophihabitans	
acaba011b54ae817e12d3d04414c0a68	Bacteria	Actinobacteriota	Thermoleophilia	Solirubrobacterales	67-14	67-14	
747bb7f00ced22ec192b0bdedcb9ebfa	Bacteria	Actinobacteriota	Actinobacteria	Micromonosporales	Micromonosporaceae		
8aa99c460499527c6082fc636532b71e	Bacteria	Proteobacteria	Alphaproteobacteria	Reyranellales	Reyranellaceae	uncultured	uncultured_Alphaproteobacteria
7134b7a54f27c6792e418a76cb4b5a2d	Bacteria	Actinobacteriota	Actinobacteria	Propionibacteriales	Nocardioidaceae	Nocardioides	
24847901d0259b12360b5a27d4f4310d	Bacteria	Myxococcota	Polyangia	Polyangiales	BIrii41	BIrii41	
abe56cee172981fa795d1c19fcb40967	Bacteria	Proteobacteria	Gammaproteobacteria	Methylococcales	Methylococcaceae	Methylocaldum	
db7dbe77e4e4c20b265cbb68448cbdb9	Bacteria	Proteobacteria	Gammaproteobacteria	Xanthomonadales	Rhodanobacteraceae	uncultured	
eee8d20ab3265a872770aa3ffe2f0cb8	Bacteria	Proteobacteria	Gammaproteobacteria	Steroidobacterales	Steroidobacteraceae	Steroidobacter	
d0f68a517c1059a3d2d47962147244d6	Bacteria	Acidobacteriota	Subgroup_11	Subgroup_11	Subgroup_11	Subgroup_11	uncultured_bacterium
775257c5e1e12b0642ca4921aa193931	Bacteria	Actinobacteriota	Actinobacteria	Glycomycetales	Glycomycetaceae	Glycomyces	
30ab0164b939dce82dcdede17ab0e791	Bacteria	Actinobacteriota	Actinobacteria	Micrococcales	Intrasporangiaceae	Tetrasphaera	
a9f2ef344b9f142daad8f6b8aee206b4	Bacteria	Bacteroidota	Bacteroidia	Chitinophagales	Saprospiraceae	uncultured	
27dad9e01189cc96ef76e3e7d8c043cd	Bacteria	Chloroflexi	TK10	TK10	TK10	TK10	uncultured_bacterium
f3e849a84f5ae31febd25d2533531f01	Bacteria	Proteobacteria	Alphaproteobacteria	Tistrellales	Geminicoccaceae	Geminicoccus	uncultured_bacterium
72ac4e044188585a35cdf005488ada64	Bacteria	Firmicutes	Bacilli	Paenibacillales	Paenibacillaceae	Paenibacillus	
3a8373fa50e422cce06e3d0678a8d8e2	Bacteria	Actinobacteriota	Thermoleophilia	Solirubrobacterales	67-14	67-14	
b941a454cfa369c4c83b5fc7a30021b9	Bacteria	Proteobacteria	Gammaproteobacteria	Burkholderiales	Comamonadaceae		
68066a9cccc4776bbb5c3f8a1967b147	Bacteria	Verrucomicrobiota	Verrucomicrobiae	Pedosphaerales	Pedosphaeraceae	Pedosphaeraceae	uncultured_bacterium
24bf00082d37832451a5c6c87a554285	Bacteria	Actinobacteriota	Actinobacteria	Pseudonocardiales	Pseudonocardiaceae	Actinophytocola	Actinophytocola_sp.
fa04bec8c00f1fe661062e9f8fb46d55	Bacteria	Proteobacteria	Alphaproteobacteria	Rhizobiales	Rhizobiaceae	Phyllobacterium	
761b1b4cc89c019886e37facfa12db65	Bacteria	Acidobacteriota	Holophagae	Subgroup_7	Subgroup_7	Subgroup_7	
2ea4db0d1f6138bbfa41ee01d6e52392	Bacteria	Myxococcota	Polyangia	Blfdi19	Blfdi19	Blfdi19	uncultured_Myxococcales
3c5351ac54fcb3c1cc7e0e2729da8898	Bacteria	Actinobacteriota	Acidimicrobiia	IMCC26256	IMCC26256	IMCC26256	uncultured_actinobacterium
aeef771204a132e831ec85704aead1ce	Bacteria	Actinobacteriota	Actinobacteria	Frankiales	Geodermatophilaceae	Blastococcus	
e2fee8c847139bab919bafbbb826c346	Bacteria	Proteobacteria	Alphaproteobacteria	Sphingomonadales	Sphingomonadaceae	Altererythrobacter	
1310475901e71bb9703cf41b20c9d7ae	Bacteria	Proteobacteria	Gammaproteobacteria	R7C24	R7C24	R7C24	
bb9a16cb3294f8075a623bef1479f3d8	Bacteria	Actinobacteriota	Actinobacteria	Streptomycetales	Streptomycetaceae	Streptomyces	
2179408c0f2a74b80a9ec38bfe0195c9	Bacteria	Chloroflexi	TK10	TK10	TK10	TK10	
8377e24ad3db498e645c732a817b6396	Bacteria	Acidobacteriota	Thermoanaerobaculia	Thermoanaerobaculales	Thermoanaerobaculaceae	Subgroup_10	uncultured_bacterium
a31e21bee244d0fa35c45ff6d4eae3c3	Bacteria	Actinobacteriota	Acidimicrobiia	Microtrichales	Iamiaceae	Iamia	uncultured_Acidimicrobiales
e0762cccb364845972a0f61be07aa516	Bacteria	Actinobacteriota	Actinobacteria	Micrococcales	Microbacteriaceae	Microbacterium	
d166696ff5bad11640c6953e96f3c030	Bacteria	Firmicutes	Bacilli	Bacillales	Planococcaceae	Sporosarcina	
652565dc54d45337b31a108d807324a5	Bacteria	Myxococcota	Polyangia	Polyangiales	BIrii41	BIrii41	
874343706b6d98592f4b66738f170a4f	Bacteria	Actinobacteriota	Actinobacteria	Streptomycetales	Streptomycetaceae	Streptomyces	
88ba36260842dfd37462604bfd13ad5e	Bacteria	Acidobacteriota	Blastocatellia				
a42d146b18e75a8d4f9ceb3dac9b8ad9	Bacteria	Proteobacteria	Alphaproteobacteria	Reyranellales	Reyranellaceae	uncultured	uncultured_Rhodospirillales
c4c4ad3e7a38f674c8b9fc3d38efb054	Bacteria	Actinobacteriota	Actinobacteria	Pseudonocardiales	Pseudonocardiaceae	Pseudonocardia	
d19da3d9a1a856bcbf62a7903f50df2a	Bacteria	Proteobacteria	Gammaproteobacteria	Gammaproteobacteria_Incertae_Sedis	Unknown_Family	Acidibacter	uncultured_proteobacterium
8a3a463b6fd8c40429b8d578ac4be2da	Bacteria	Myxococcota	Myxococcia	Myxococcales	Myxococcaceae		
0d4bcc6749dcb4d49efb7558c5b5572e	Bacteria	Proteobacteria	Alphaproteobacteria	Sphingomonadales	Sphingomonadaceae	uncultured	
1589c5f931906b6dda50599a082363a1	Bacteria	Proteobacteria	Gammaproteobacteria	Burkholderiales	Comamonadaceae	Ramlibacter	
f617b6cfee04aaf88f5618c39c11a552	Bacteria	Actinobacteriota	Actinobacteria	Corynebacteriales	Mycobacteriaceae	Mycobacterium	
e6e9a8996992398a5c7f730238783e37	Bacteria	Actinobacteriota	Actinobacteria	Frankiales	Geodermatophilaceae		
b764b89e3cb2d5ac2d6be16d83bca465	Bacteria	Actinobacteriota	Actinobacteria	Pseudonocardiales	Pseudonocardiaceae	Actinophytocola	
0b192dd80dd2df6e74d87cfd9fb3eb40	Bacteria	Proteobacteria	Gammaproteobacteria	Burkholderiales	Nitrosomonadaceae	Nitrosomonas	
b8c5973b8449bc63cc59d73b79f6e8f0	Bacteria	Verrucomicrobiota	Verrucomicrobiae	Pedosphaerales	Pedosphaeraceae	Pedosphaeraceae	
e4de02fc67c0f39cad1142e71707690f	Bacteria	Proteobacteria	Alphaproteobacteria	Rhizobiales	Xanthobacteraceae	uncultured	uncultured_Caulobacterales
34933f8f7bcf2c2fbf5595f651e939a7	Bacteria	Actinobacteriota	Actinobacteria	Propionibacteriales	Nocardioidaceae	Nocardioides	
dec7ba7341ed76f27f20365ae9191a51	Bacteria	Chloroflexi	TK10	TK10	TK10	TK10	uncultured_bacterium
223d76831aa74d30c258ed7c2cf0d14d	Bacteria	Myxococcota	Polyangia	Polyangiales	Phaselicystidaceae	Phaselicystis	
141c4419c0887afde3e62d4ef6a45bb7	Bacteria	Myxococcota	Polyangia	Polyangiales	BIrii41	BIrii41	
e41a40c31f458730e0d1dc971cbb5a63	Bacteria	Actinobacteriota	Actinobacteria	Micromonosporales	Micromonosporaceae	Rhizocola	
0752b8fd2111ec50fb2f072a40678d4c	Bacteria	Proteobacteria	Gammaproteobacteria	Burkholderiales	Comamonadaceae		
c0d89e44acda0b40436ce3d25474865e	Bacteria	Proteobacteria	Alphaproteobacteria	Rhizobiales	D05-2	D05-2	uncultured_bacterium
b67feee875d85ec3beec32135a1a6b43	Bacteria	Actinobacteriota	Actinobacteria	Micrococcales	Micrococcaceae		
ef047cd3b75f959e31eb407a1a588e2d	Bacteria	Chloroflexi	TK10	TK10	TK10	TK10	uncultured_bacterium
b5f5186fdcbb9e51c1bc0208d7b62c7d	Bacteria	Actinobacteriota	Actinobacteria	Micrococcales	Intrasporangiaceae		
91f2fb3ca959b060fe4f21a7b8ac41ca	Bacteria	Proteobacteria	Alphaproteobacteria	Caulobacterales	Hyphomonadaceae	SWB02	
c73ae1c1341c10a53f574c252b39e7ec	Bacteria	Chloroflexi	TK10	TK10	TK10	TK10	
d819a4a54ee3b3cf0096d89ac3e19fdd	Bacteria	Proteobacteria	Gammaproteobacteria	Burkholderiales	Comamonadaceae	Ramlibacter	
9d950721f042084b875d98de2e413845	Bacteria	Actinobacteriota	Thermoleophilia	Solirubrobacterales	67-14	67-14	
473822cc1a1c63728f430bec663edcc8	Bacteria	Proteobacteria	Alphaproteobacteria	Rhizobiales			
a9ace5f1978080f97351fff4a4198cc1	Bacteria	Proteobacteria	Alphaproteobacteria	Sphingomonadales	Sphingomonadaceae	Altererythrobacter	
c5c75b1003f997023342cf2cea610bec	Bacteria	Acidobacteriota	Thermoanaerobaculia	Thermoanaerobaculales	Thermoanaerobaculaceae	Subgroup_10	
c5f163f75a00b528b31fcd19f60a81a1	Bacteria	Proteobacteria	Alphaproteobacteria	Acetobacterales	Acetobacteraceae		
2d6d95dbf68712ebee6544cad6255bbe	Bacteria	Actinobacteriota	Actinobacteria	Streptomycetales	Streptomycetaceae	Streptomyces	
9b597cb9a0f47cb742a1621e93d65d59	Bacteria	Proteobacteria	Alphaproteobacteria	Sphingomonadales	Sphingomonadaceae		
4eb450a5d97f406ac27b3d088406704a	Bacteria	Myxococcota	Polyangia	Polyangiales	Polyangiaceae	uncultured	uncultured_delta
6ec720d18a1ae7bc4506132280b0ea25	Bacteria	Actinobacteriota	Actinobacteria	Frankiales	Geodermatophilaceae	Blastococcus	
9dff8678895fe4b5a90619ac2291ecbe	Bacteria	Myxococcota	Polyangia	Polyangiales	BIrii41	BIrii41	uncultured_delta
66f26d9871b5d0bf9ca252e382581ff2	Bacteria	Myxococcota	Polyangia	Polyangiales	Polyangiaceae	uncultured	
5441179d39a75902e0449af809507b0e	Bacteria	Actinobacteriota	Actinobacteria	Micrococcales	Intrasporangiaceae		
a82a05606800a32eaef90666fc683be6	Bacteria	Proteobacteria	Alphaproteobacteria	Sphingomonadales	Sphingomonadaceae	Sphingomonas	
4a8a3f2fc325a8839b9d59fa3f723aa0	Bacteria	Actinobacteriota	Actinobacteria	Micrococcales	Intrasporangiaceae		
7ef0c51abc18415d17f2bd9c2c2ccdf9	Bacteria	Entotheonellaeota	Entotheonellia	Entotheonellales	Entotheonellaceae	Candidatus_Entotheonella	
a9cf7da0fa0d964bac141e155e34ac38	Bacteria	Actinobacteriota	Actinobacteria	Corynebacteriales	Corynebacteriaceae	Corynebacterium	Corynebacterium_marinum
c8040bf128447c667127784e8218edcc	Bacteria	Proteobacteria	Alphaproteobacteria	Rhizobiales	Xanthobacteraceae	Pseudorhodoplanes	
b20208ff619f891658a3c12969b30835	Bacteria	Proteobacteria	Gammaproteobacteria	Burkholderiales	Comamonadaceae		
73f7cf7afe09cc0b0fe2e1b8b9889ce0	Bacteria	Proteobacteria	Alphaproteobacteria	uncultured	uncultured	uncultured	
05d3d9b6a54233decfb6391245eea46e	Bacteria	Proteobacteria	Gammaproteobacteria	Burkholderiales			
4891ab0c6348a239f4084e681cff3996	Bacteria	Planctomycetota	Phycisphaerae	Phycisphaerales	Phycisphaeraceae	SM1A02	uncultured_planctomycete
a3976e72416360ce005176a45187d3ee	Bacteria	Myxococcota	Polyangia	Haliangiales	Haliangiaceae	Haliangium	uncultured_Myxococcales
b8f68e1bf5578c6c70320a45888448de	Bacteria	Proteobacteria	Gammaproteobacteria	Burkholderiales	Oxalobacteraceae		
e0761c6cda2b18c8137640019dd3a1e2	Bacteria	Proteobacteria	Alphaproteobacteria	Rhizobiales	Devosiaceae	Devosia	
cc49a0be312cc39397dfd8b560fc808b	Bacteria	Actinobacteriota	Actinobacteria	Micrococcales	Microbacteriaceae	Microbacterium	
94f33fe08848b2a5e7984da25d9c58be	Bacteria	Myxococcota	Myxococcia	Myxococcales	Myxococcaceae		
9a1406c44052c3317f2cddd904abd406	Bacteria	Proteobacteria	Gammaproteobacteria	Burkholderiales	Oxalobacteraceae		
13dabc3a4d5cb26be2b7af27bde99dc0	Bacteria	Proteobacteria	Gammaproteobacteria	Burkholderiales			
32c06456c8da66c9d548834465b6c0b5	Bacteria	Proteobacteria	Gammaproteobacteria				
a323ffbe728ed1895e0df4eaacb832c6	Bacteria	Proteobacteria	Alphaproteobacteria	Rhizobiales	D05-2	D05-2	uncultured_bacterium
6b974b71439e8e60971e0217c47a7a55	Bacteria	Verrucomicrobiota	Verrucomicrobiae	Pedosphaerales	Pedosphaeraceae	uncultured	
21abfbe23999511f0814472eb08c4110	Bacteria	Proteobacteria	Alphaproteobacteria	Reyranellales	Reyranellaceae	uncultured	uncultured_bacterium
1cfe543e4fd5ca636a4ab851bcebdbd3	Bacteria	Proteobacteria	Gammaproteobacteria	Burkholderiales	Methylophilaceae		
34999942e44a88ba053982c849c775e8	Bacteria	Actinobacteriota	Actinobacteria	Micrococcales	Micrococcaceae	Arthrobacter	
605fcbc941036d92f11aaa0d7ff85e84	Bacteria	Myxococcota	Polyangia	Polyangiales	BIrii41	BIrii41	
067c50419232849278878620d8ced83d	Bacteria	Chloroflexi	TK10	TK10	TK10	TK10	
a94403beb17657f066494b4b7e5418af	Bacteria	Actinobacteriota	Thermoleophilia	Solirubrobacterales	67-14	67-14	
18557cce317ab124e072c79b982040ab	Bacteria	Chloroflexi	TK10	TK10	TK10	TK10	
2698e2601da0f253da1129ace341f25c	Bacteria	Actinobacteriota	Actinobacteria	Streptosporangiales	Thermomonosporaceae	Actinomadura	
e65fd6cb43ba5456a8efeec555b5f32c	Bacteria	Chloroflexi	TK10	TK10	TK10	TK10	
f549b2e7bd06584ae6cb689a701b30bb	Bacteria	Actinobacteriota	Actinobacteria	Pseudonocardiales	Pseudonocardiaceae	Umezawaea	
31acc3639057490279a05d3f3b5aa70a	Bacteria	Proteobacteria	Gammaproteobacteria	Gammaproteobacteria_Incertae_Sedis	Unknown_Family	Acidibacter	
195ab125a113198ed3be5f618b5d5fd3	Bacteria	Myxococcota	Myxococcia	Myxococcales	Myxococcaceae		
e79a186efd06dc6d5903d76a9420848b	Bacteria	Verrucomicrobiota	Verrucomicrobiae	Pedosphaerales	Pedosphaeraceae	Pedosphaeraceae	
8ca98ef8e5c8f1033e5e9f838e44f899	Bacteria	Proteobacteria	Gammaproteobacteria	Burkholderiales	Oxalobacteraceae		
9c6f2afe1a3ceca5600df736831ce6b6	Bacteria	Proteobacteria	Alphaproteobacteria	Sphingomonadales	Sphingomonadaceae		
25cb30df8936afb96ea9294665a441cf	Bacteria	Myxococcota	Polyangia	Polyangiales	BIrii41	BIrii41	
51e7a44e9c205c64160535b95b0fd910	Bacteria	Actinobacteriota	Actinobacteria	Micrococcales			
4bfb0088c5ffee253af1aaa5fc6bdf92	Bacteria	Proteobacteria	Alphaproteobacteria	Rhizobiales	Xanthobacteraceae	uncultured	
245e29142a28ed1d7831fe9693571014	Bacteria	Actinobacteriota	Actinobacteria	Pseudonocardiales	Pseudonocardiaceae	Actinophytocola	
0bb1a1068e84864b50d00a4343410203	Bacteria	Actinobacteriota	Actinobacteria	Micrococcales	Intrasporangiaceae	Tetrasphaera	
fa2d151bfb83a2772a7ed0cb70b611c1	Bacteria	Proteobacteria	Alphaproteobacteria	Sphingomonadales	Sphingomonadaceae	Sphingomonas	
85e8c3f8d753fd0757e547a38a076708	Bacteria	Actinobacteriota	Actinobacteria	Streptosporangiales	Thermomonosporaceae		
09e290bbd77be38cc029f9759f10642f	Bacteria	Proteobacteria	Alphaproteobacteria	Sphingomonadales	Sphingomonadaceae	Altererythrobacter	
0680ffc7efb77990f83f793674640e66	Bacteria	Proteobacteria	Alphaproteobacteria	Rhizobiales	Beijerinckiaceae	Microvirga	
8a672dd68002f4486a8d8ca2ca50a13b	Bacteria	Halanaerobiaeota	Halanaerobiia	Halanaerobiales	Halobacteroidaceae	uncultured	uncultured_bacterium
f5e5fc60f54372baff02bc5e4f90ecdd	Bacteria	Proteobacteria	Gammaproteobacteria	Burkholderiales	Nitrosomonadaceae	Nitrosospira	
cac6ba0556e5350eaab3f720a43c7b97	Bacteria	Actinobacteriota	Thermoleophilia	Solirubrobacterales	67-14	67-14	
b5120bc3896cdf7bfcc09c32a7e85c9a	Bacteria	Proteobacteria	Gammaproteobacteria	Burkholderiales	Comamonadaceae		
ebd33b77213228ba8973eee8dbef2ccf	Bacteria	Proteobacteria	Alphaproteobacteria	Rhizobiales	Hyphomicrobiaceae	Hyphomicrobium	
1744ebbd6458358c0d80e81df6830acb	Bacteria	Chloroflexi	Chloroflexia	Chloroflexales	Roseiflexaceae	uncultured	uncultured_Chloroflexi
d549b0935692dd84d83d6ddb309b8af0	Bacteria	Myxococcota	Myxococcia	Myxococcales	Myxococcaceae	Corallococcus	
08f4ac16e44274b253b9b481275b5dbe	Bacteria	Actinobacteriota	Actinobacteria	Micrococcales	Microbacteriaceae	Agromyces	
e215d2b428a6af86de47174e2080f9de	Bacteria	Firmicutes	Bacilli	Bacillales	Bacillaceae	Bacillus	
dae03de5cfd483fb5904bd0b416e4095	Bacteria	Firmicutes	Bacilli	Bacillales	Planococcaceae	Solibacillus	
220ac3dd349ad98ba4a3f939e488e6fe	Bacteria	Proteobacteria	Gammaproteobacteria	Burkholderiales	Comamonadaceae	Ramlibacter	
29dbd1ef3e99decb4636eb3dd4c4373e	Bacteria	Chloroflexi	Dehalococcoidia	S085	S085	S085	uncultured_bacterium
0939085286139e9561fccf2c3efa569d	Bacteria	Proteobacteria	Alphaproteobacteria	Sphingomonadales	Sphingomonadaceae	Sphingobium	
8a8a35bb61237d5fcd01ba0f8b7a9aa1	Bacteria	Chloroflexi	Anaerolineae	Ardenticatenales	Ardenticatenaceae	uncultured	unidentified_marine
d5688a239827a978f229d9a525baf882	Bacteria	Proteobacteria	Alphaproteobacteria	Rhizobiales	Devosiaceae	Devosia	
91b37149a3bfbc4dd22573d3fe3400ff	Bacteria	Proteobacteria	Alphaproteobacteria	Caulobacterales	Caulobacteraceae		
d4cda0513c3e296f9c0d5ecd19cbf4ad	Bacteria	Actinobacteriota	Actinobacteria	Micrococcales	Microbacteriaceae	Agromyces	
82139dd6bdc43099e394b2f1ceb3ce3f	Bacteria	Proteobacteria	Alphaproteobacteria	Rhizobiales	Xanthobacteraceae	Pseudorhodoplanes	
29c4934106a3685e3d7e33c1d11837d3	Bacteria	Proteobacteria	Alphaproteobacteria	Rhizobiales	Rhizobiales_Incertae_Sedis	uncultured	
04aa2137c78f69f381ed15c3a82f5f64	Bacteria	Myxococcota	Polyangia	Polyangiales	BIrii41	BIrii41	
5055a802333c216d889cfa7470a17456	Bacteria	Chloroflexi	TK10	TK10	TK10	TK10	
25f51622767487b341c7d79cd9636017	Bacteria	Proteobacteria	Alphaproteobacteria	Rhizobiales	Rhizobiales_Incertae_Sedis	Nordella	
0a8195a29695d7a0c281cdb89490c103	Bacteria	Proteobacteria	Alphaproteobacteria	Rhizobiales	Rhizobiaceae	Mesorhizobium	
8f4c7e6362799d8f8f9cce6e8381458f	Bacteria	Actinobacteriota	Thermoleophilia	Solirubrobacterales	67-14	67-14	
251c2d7c51bdf76c28977d4e4ac9f8dc	Bacteria	Proteobacteria	Gammaproteobacteria	Burkholderiales	Comamonadaceae		
a510b779c94db0128b3e0d2845090e0a	Bacteria	Myxococcota	Polyangia	Nannocystales	Nannocystaceae	Nannocystis	
17f2c6b0b56326067e5ad525a7827252	Bacteria	Myxococcota	Myxococcia	Myxococcales	Myxococcaceae		
2967f71f446091e0f02e732690bb64b7	Bacteria	Actinobacteriota	Actinobacteria	Pseudonocardiales	Pseudonocardiaceae	Actinophytocola	Actinophytocola_sp.
c5e5c4221308637b58c8d3c213ac80c8	Bacteria	Actinobacteriota	Actinobacteria	Propionibacteriales	Nocardioidaceae	Nocardioides	
f0da5b39280c67c44a1dee72776f47fe	Bacteria	Actinobacteriota	Actinobacteria	Propionibacteriales	Nocardioidaceae	Nocardioides	
b62bbc3100d1c67ae319ab82393256a8	Bacteria	Myxococcota	Polyangia	Nannocystales	Nannocystaceae		
822daa54ba2ad49ec81c477a1244d534	Bacteria	Myxococcota	Polyangia	Nannocystales	Nannocystaceae		
b54cbd7b87292ba1f0a23ce458e3fac9	Bacteria	Proteobacteria	Alphaproteobacteria	Ferrovibrionales	Ferrovibrionaceae	Ferrovibrio	uncultured_bacterium
6e679c48e898e1563c4ae6d983827d77	Bacteria	Actinobacteriota	Actinobacteria	Micromonosporales	Micromonosporaceae		
c66d84487e275bc1616630ff875d60a4	Bacteria	Firmicutes	Bacilli	Bacillales	Bacillaceae	Bacillus	
b6d1775130abfd1f6f3aa35ae59131fe	Bacteria	Acidobacteriota	Acidobacteriae	Bryobacterales	Bryobacteraceae	Bryobacter	
ff46bb075173b62c475ce9d89ec59b12	Bacteria	Proteobacteria	Alphaproteobacteria	Dongiales	Dongiaceae	Dongia	
e729a459d0dcab5027b02650152dbc58	Bacteria	Proteobacteria	Alphaproteobacteria	Rhizobiales	D05-2	D05-2	
10741b1183dda151b54d1f58b4f00eea	Bacteria	Bdellovibrionota	Oligoflexia	0319-6G20	0319-6G20	0319-6G20	
7ab690962f68772c10d681adc812e9cf	Bacteria	Firmicutes	Bacilli	Paenibacillales	Paenibacillaceae	Paenibacillus	
e9b5c63703766bb127e600e4c1fafcdd	Bacteria	Actinobacteriota	Thermoleophilia	Gaiellales	Gaiellaceae	Gaiella	
5af8356374ea62594dad21147153ba82	Bacteria	Proteobacteria	Alphaproteobacteria	Sphingomonadales	Sphingomonadaceae		
498ac2a9f2cda4e3ebc1b26f2636042b	Bacteria	Proteobacteria	Alphaproteobacteria	Rhizobiales	Rhizobiaceae	Allorhizobium-Neorhizobium-Pararhizobium-Rhizobium	
6ba8f20c060692013b8132b1c7f731a3	Bacteria	Proteobacteria	Alphaproteobacteria	Caulobacterales	Hyphomonadaceae	SWB02	
ca0e06334842b2a518d7644749864a57	Bacteria	Nitrospirota	Nitrospiria	Nitrospirales	Nitrospiraceae	Nitrospira	
03a15120c8029cc536985b84b21ec478	Bacteria	Proteobacteria	Alphaproteobacteria	Rhizobiales	Hyphomicrobiaceae	Pedomicrobium	
c43d4f136a9b8a8f6e985863dd7cd874	Bacteria	Actinobacteriota	Acidimicrobiia	Microtrichales	Ilumatobacteraceae	CL500-29_marine_group	
aa6bc3fbc4935f1de731b338775788f8	Bacteria	Firmicutes	Bacilli	Paenibacillales	Paenibacillaceae	Paenibacillus	Paenibacillus_camelliae
72e0292307b8eabf9434770e3187b3c3	Bacteria	Proteobacteria	Alphaproteobacteria	Sphingomonadales	Sphingomonadaceae	Altererythrobacter	
6309f07b78a9ecd157e0f58f191a383f	Bacteria	Proteobacteria	Gammaproteobacteria	CCD24	CCD24	CCD24	
179ae78fd35bc309895374db3f24e5bf	Bacteria	Chloroflexi	TK10	TK10	TK10	TK10	
a65489edc70874c1a9fbbce8e02a2298	Bacteria	Verrucomicrobiota	Verrucomicrobiae	Pedosphaerales	Pedosphaeraceae	Pedosphaeraceae	
631f0016299e6564d97a4d743d8e0c72	Bacteria	Myxococcota	Polyangia	Polyangiales	Sandaracinaceae	uncultured	uncultured_bacterium
7abaa4a17724a8de032d697b796b8166	Bacteria	Actinobacteriota	Acidimicrobiia	IMCC26256	IMCC26256	IMCC26256	
ad6be6c8b51f47dfcc456fe2cf38e6ca	Bacteria	Acidobacteriota	Holophagae	Subgroup_7	Subgroup_7	Subgroup_7	
e4a7765c24c94f3b38cd550fd6170e00	Bacteria	Myxococcota	Polyangia	Haliangiales	Haliangiaceae	Haliangium	uncultured_Myxococcales
4834d0f96b081f07a4b0a447f0164762	Bacteria	Proteobacteria	Alphaproteobacteria	Rhizobiales	Xanthobacteraceae	Pseudolabrys	
98cfd48587e2337558553e9ded46be49	Bacteria	Actinobacteriota	Actinobacteria	Streptosporangiales	Thermomonosporaceae	Actinocorallia	
845046fe14843282eaf569e5494a5c3d	Bacteria	Actinobacteriota	Actinobacteria	Corynebacteriales	Mycobacteriaceae	Mycobacterium	
07858b1ca7c7b51b87658832b191b3b3	Bacteria	Proteobacteria	Alphaproteobacteria	Rhizobiales	Rhizobiaceae	Aminobacter	Rhizobiales_bacterium
4a4300b55d1c78d09f319b63e1613e43	Bacteria	Chloroflexi	TK10	TK10	TK10	TK10	
999a4ee9f08f2575fc208ea6643e7619	Bacteria	Proteobacteria	Gammaproteobacteria	Gammaproteobacteria_Incertae_Sedis	Unknown_Family	Acidibacter	uncultured_Pseudomonadales
f777a8deddfd2ef29014588a5198cf38	Bacteria	Actinobacteriota	Actinobacteria	Streptosporangiales	Streptosporangiaceae	Herbidospora	
ebd5363ed242a9e5fceeea6fe873d962	Bacteria	Actinobacteriota	Actinobacteria	Propionibacteriales	Nocardioidaceae	Nocardioides	
24a8b898edb9a35c9a3e94dcfb2201e5	Bacteria	Verrucomicrobiota	Verrucomicrobiae	Pedosphaerales	Pedosphaeraceae	Pedosphaeraceae	
931cd04fd0e1d12d7f3bbb564a779f56	Bacteria	Actinobacteriota	Actinobacteria	Streptomycetales	Streptomycetaceae	Streptomyces	
1b5133a017610f1acf1b9f5d27b71eb2	Bacteria	Proteobacteria	Alphaproteobacteria	Rhizobiales			
672e58fc7fd7c529628247cd0f73c431	Bacteria	Armatimonadota	Fimbriimonadia	Fimbriimonadales	Fimbriimonadaceae	Fimbriimonadaceae	
6af8f7a74064c1ec86b09f67c5d973aa	Bacteria	Proteobacteria	Alphaproteobacteria	Sphingomonadales	Sphingomonadaceae	Sphingoaurantiacus	uncultured_Sphingomonadaceae
5506b3ff5423a0fc360f29acbce206b9	Bacteria	Proteobacteria	Gammaproteobacteria	Burkholderiales			
0f568fc78c12c6ccd5dfabdcab7ed0c8	Bacteria	Actinobacteriota	Acidimicrobiia	IMCC26256	IMCC26256	IMCC26256	
2a346f41921342a62cb8d8fbec7fdd05	Bacteria	Proteobacteria	Gammaproteobacteria	Burkholderiales	Burkholderiaceae	Lautropia	uncultured_bacterium
9cfabf3f40f85c0eaa14758f5657e832	Bacteria	Actinobacteriota	Actinobacteria	Micrococcales	Micrococcaceae	Arthrobacter	
5fafe293988c493dc25e424dac4ee259	Bacteria	Actinobacteriota	Acidimicrobiia	Microtrichales	Ilumatobacteraceae	uncultured	
de4ae3380029b9c5cb48de95da5de789	Bacteria	Acidobacteriota	Acidobacteriae	Bryobacterales	Bryobacteraceae	Bryobacter	uncultured_bacterium
7a216cd1a2c6cb7e655fe29f7d3cdfe5	Bacteria	Proteobacteria	Alphaproteobacteria	Rhizobiales	Beijerinckiaceae		
aaafc259eaf4c36fffab207b260325d8	Bacteria	Acidobacteriota	Holophagae	Subgroup_7	Subgroup_7	Subgroup_7	
085251979c90c3cb0db4de7ac3fdcc33	Bacteria	Proteobacteria	Alphaproteobacteria	Sphingomonadales	Sphingomonadaceae	Sphingomonas	
5217e1e6d8731fee74781d9a3d4a0d64	Bacteria	Verrucomicrobiota	Verrucomicrobiae	Pedosphaerales	Pedosphaeraceae	uncultured	uncultured_Verrucomicrobia
771472c352ea16939460573a18c49639	Bacteria	Actinobacteriota	Actinobacteria	Micrococcales	Microbacteriaceae		
1a6e432f482678e6d1f932bf8b1778f9	Bacteria	Actinobacteriota	MB-A2-108	MB-A2-108	MB-A2-108	MB-A2-108	
8f65f93ac0f0c5e1f33a6149cbabc572	Bacteria	Proteobacteria	Gammaproteobacteria	Xanthomonadales	Xanthomonadaceae		
783d4e5e11388091d8b94a721de9331a	Bacteria	Planctomycetota	Phycisphaerae	Phycisphaerales	Phycisphaeraceae	SM1A02	uncultured_planctomycete
d4515e070c7ead3c6e9420962d32b093	Bacteria	Chloroflexi	JG30-KF-CM66	JG30-KF-CM66	JG30-KF-CM66	JG30-KF-CM66	uncultured_bacterium
878788b1b5c9048ba528491347e08c5f	Bacteria	Proteobacteria	Alphaproteobacteria	Dongiales	Dongiaceae	Dongia	
7df2eb80737399ce94e98fe280e319c6	Bacteria	Proteobacteria	Gammaproteobacteria	Xanthomonadales	Rhodanobacteraceae		
a7e7185550e61d2629ac8b9f73501d7e	Bacteria	Proteobacteria	Alphaproteobacteria	Rhizobiales	Rhizobiales_Incertae_Sedis	Nordella	
7b831b2c083944f3d621ebb92eb3078a	Bacteria	Proteobacteria	Alphaproteobacteria	Rhizobiales	Xanthobacteraceae	Rhodoplanes	
9cd7e414e19c542e74a22cb444a43e68	Bacteria	Proteobacteria	Alphaproteobacteria	Rhizobiales	Xanthobacteraceae	Rhodoplanes	
79f8356b4df3fc956a248620b077a13b	Bacteria	Acidobacteriota	Thermoanaerobaculia	Thermoanaerobaculales	Thermoanaerobaculaceae	Subgroup_10	
00c36fc14084d8b12c6175a46fa4da79	Bacteria	Actinobacteriota	Actinobacteria	Frankiales	Geodermatophilaceae	Blastococcus	
3753beee0947f0450e3868ac432f61da	Bacteria	Actinobacteriota	Actinobacteria	Micromonosporales	Micromonosporaceae		
3e38f08e3874dfb6cc3036e6268c03d8	Bacteria	Bacteroidota	Bacteroidia	Cytophagales	Hymenobacteraceae	Adhaeribacter	
90dce89998bc265bfd8b045fd32ababc	Bacteria	Proteobacteria	Gammaproteobacteria	Xanthomonadales	Xanthomonadaceae	Lysobacter	
46aa0d6b45bff5391f9540059c52b1f2	Bacteria	Actinobacteriota	Actinobacteria	Streptomycetales	Streptomycetaceae	Streptomyces	
9ee8df1e5dc2ad40643ea0aa5568ad74	Bacteria	Actinobacteriota	Actinobacteria	Streptosporangiales	Streptosporangiaceae	Nonomuraea	
bb008479f8682e906e76656c0973a5ce	Bacteria	Nitrospirota	Nitrospiria	Nitrospirales	Nitrospiraceae	Nitrospira	
b933a1c377fda481db6745d8cdca0069	Bacteria	Proteobacteria	Gammaproteobacteria	Xanthomonadales	Xanthomonadaceae	Arenimonas	
1c718d6058f129f610967a8f23a6079a	Bacteria	Actinobacteriota	Actinobacteria	Pseudonocardiales	Pseudonocardiaceae	Pseudonocardia	
549d1459123e17e0b096ae4fd596d873	Bacteria	Actinobacteriota	Thermoleophilia	Gaiellales	Gaiellaceae	Gaiella	uncultured_Acidimicrobiia
80a538ccf2ad3e41b1ed2ec9526c6473	Bacteria	Proteobacteria	Alphaproteobacteria	Rhizobiales			
587dec53115304ef05c6372241ca4baf	Bacteria	Proteobacteria	Alphaproteobacteria	Rhizobiales	Xanthobacteraceae		
f2b70b92e8f44fbdc49ef0047520b23d	Bacteria	Actinobacteriota	Thermoleophilia	Gaiellales	Gaiellaceae	Gaiella	uncultured_Acidimicrobiia
71a97c7c05a1ad6048e3d524c87e3acc	Bacteria	Proteobacteria	Gammaproteobacteria	Burkholderiales	Comamonadaceae		
4da4dd197e984a88dffbb3eed880c04f	Bacteria	Proteobacteria	Alphaproteobacteria	Dongiales	Dongiaceae	Dongia	
fcaa3373e917cb7c9255c611a7286cac	Bacteria	Proteobacteria	Gammaproteobacteria	Burkholderiales	Comamonadaceae		
72ebf858421d724a18dd5fe4f40418e1	Bacteria	Proteobacteria	Gammaproteobacteria	Steroidobacterales	Steroidobacteraceae	Steroidobacter	
bbbadafe1262c04b008558fee1463c87	Bacteria	Proteobacteria	Gammaproteobacteria	211ds20	211ds20	211ds20	uncultured_bacterium
1033f3fb0763e4cb6eda3421caa00b4a	Archaea	Crenarchaeota	Nitrososphaeria	Nitrososphaerales	Nitrososphaeraceae	Candidatus_Nitrocosmicus	
cd2a1ff3300c8aa86c8b16a899af58fd	Bacteria	Chloroflexi	Dehalococcoidia	S085	S085	S085	uncultured_soil
df8da5c65cf03347f5785dc1f67973e0	Bacteria	Bdellovibrionota	Oligoflexia	0319-6G20	0319-6G20	0319-6G20	
bcd6d667c2bc8a804b755754a06d9566	Bacteria	Actinobacteriota	Actinobacteria	Micrococcales	Microbacteriaceae	Galbitalea	
2fb8427bee1b6d4163896fcf0e6c2a23	Bacteria	Actinobacteriota	Actinobacteria	Micrococcales	Intrasporangiaceae	Terrabacter	
9a53990f76a90f89dd9b32ef3f80c940	Bacteria	Proteobacteria	Alphaproteobacteria	Dongiales	Dongiaceae	Dongia	
a022f6e29f05c32d8bec677c09b0eaf3	Bacteria	Proteobacteria	Alphaproteobacteria	Rhizobiales	Beijerinckiaceae	Microvirga	
06d58f2089d393e54088c4289fd5d7c6	Bacteria	Proteobacteria	Alphaproteobacteria	Sphingomonadales	Sphingomonadaceae	Sphingomonas	
9e7eb797429b071670e938ff208519bd	Bacteria	Proteobacteria	Gammaproteobacteria	Burkholderiales	Nitrosomonadaceae	Nitrosospira	
0ee3bb6d6b23f29b7cda88415da1aa98	Bacteria	Proteobacteria	Gammaproteobacteria	Xanthomonadales	Rhodanobacteraceae		
825a0ac017172965413e5becd2ca47c9	Bacteria	Firmicutes	Clostridia	Lachnospirales	Lachnospiraceae	Lachnoclostridium	
63cf0afd056a07f0c6744bd4192dddd0	Bacteria	Firmicutes	Bacilli	Paenibacillales	Paenibacillaceae	Paenibacillus	
e65c7aafdf3aa0fbcab65acc2bf2817d	Bacteria	Proteobacteria	Alphaproteobacteria	Caulobacterales	Hyphomonadaceae	SWB02	
b5a237848449f497d10915e92ca37c94	Bacteria	Actinobacteriota	Actinobacteria	0319-7L14	0319-7L14	0319-7L14	uncultured_actinobacterium
b119209fec014b903d9a52c8be9f8712	Bacteria	Planctomycetota	Phycisphaerae	Phycisphaerales	Phycisphaeraceae	SM1A02	
9a645c4bd267bec86a687d5ecc31ea6d	Bacteria	Myxococcota	Polyangia	Nannocystales	Nannocystaceae	uncultured	uncultured_delta
73af78abbd3aa4489d8f34de10b61ad2	Bacteria	Acidobacteriota	Holophagae	Subgroup_7	Subgroup_7	Subgroup_7	
c43d273fa44c931f4e158fcd50f4dbea	Bacteria	Proteobacteria	Alphaproteobacteria	Rhizobiales	uncultured	uncultured	
6b189b600e02c9813fc89685bd4c0d07	Bacteria	Proteobacteria	Gammaproteobacteria	Burkholderiales	Comamonadaceae	Ramlibacter	
25c59ef691662c41a4cd95f06b8dd7ba	Bacteria	Myxococcota	Polyangia	Polyangiales	Sandaracinaceae	uncultured	
0c96d9e29ec015ddc8909270cf8f6a39	Bacteria	Nitrospirota	Nitrospiria	Nitrospirales	Nitrospiraceae	Nitrospira	
e360d69a41a65469dd6ae77818249669	Bacteria	Proteobacteria	Alphaproteobacteria	Rhizobiales	Xanthobacteraceae		
3eef81a0059a94b759feaeb0f209fe1b	Bacteria	Actinobacteriota	Actinobacteria	Micromonosporales	Micromonosporaceae		
11512c190183bc7b48198fa5b3992b70	Bacteria	Verrucomicrobiota	Verrucomicrobiae	Pedosphaerales	Pedosphaeraceae	Pedosphaeraceae	
ef8b9afad4c45bcf1c68a5e61c9b9f37	Bacteria	Proteobacteria	Alphaproteobacteria	Rhizobiales	Rhizobiales_Incertae_Sedis	Nordella	uncultured_bacterium
470cd29b0fb16c33a51aa0e8215ad279	Bacteria	Proteobacteria	Alphaproteobacteria	Rhizobiales	Xanthobacteraceae	uncultured	
f5610cd1ae9535c2bd6d476b5cd1f1f8	Bacteria	Proteobacteria	Alphaproteobacteria	Rhizobiales	Hyphomicrobiaceae	Pedomicrobium	
f0c16c6a6ff3081dec174b903f862f19	Bacteria	Myxococcota	Polyangia	Polyangiales	Sandaracinaceae	uncultured	uncultured_bacterium
385a72877cb2e312fc6228ce024d0304	Bacteria	Proteobacteria	Alphaproteobacteria	Tistrellales	Geminicoccaceae	Candidatus_Alysiosphaera	uncultured_bacterium
3fcfa9b539041b36c0f0dbf0fdd8642e	Bacteria	Acidobacteriota	Holophagae	Subgroup_7	Subgroup_7	Subgroup_7	uncultured_Geobacter
f95ffecdb76be7df6660ac1edd4e0c30	Bacteria	Actinobacteriota	Actinobacteria	Pseudonocardiales	Pseudonocardiaceae	Saccharothrix	
f547f769ea871cf8fb9b5cb75947b38b	Bacteria	Myxococcota	Polyangia	Blfdi19	Blfdi19	Blfdi19	
c50c3d6ba9fb0dee992cd77e32827962	Bacteria	Planctomycetota	Phycisphaerae	Phycisphaerales	Phycisphaeraceae	SM1A02	
7c5db7e67ee3090b7bf7d1705d5e8752	Bacteria	Proteobacteria	Alphaproteobacteria	Rhizobiales	Xanthobacteraceae	Pseudolabrys	
222fc0a285e73d2777a3957cd924a27b	Bacteria	Acidobacteriota	Thermoanaerobaculia	Thermoanaerobaculales	Thermoanaerobaculaceae	Subgroup_10	Acidobacteria_bacterium
452acdffd0c8d1fc1b180769c1e3cb5f	Bacteria	Proteobacteria	Alphaproteobacteria	Rhizobiales	Rhizobiaceae	Allorhizobium-Neorhizobium-Pararhizobium-Rhizobium	
6a79399afe2c5de41250cf949e8b78a4	Bacteria	Gemmatimonadota	Gemmatimonadetes	Gemmatimonadales	Gemmatimonadaceae	uncultured	
48c77b4f981d587c9681f4bcb4ea456a	Bacteria	Myxococcota	bacteriap25	bacteriap25	bacteriap25	bacteriap25	
ba67bd8b01bbe2a1868cb0ce8000281a	Bacteria	Proteobacteria	Gammaproteobacteria	PLTA13	PLTA13	PLTA13	
4977695460102db4134b020c45809b1d	Bacteria	Myxococcota	Myxococcia	Myxococcales	Myxococcaceae	uncultured	uncultured_bacterium
0665ff82987d29762e86ec6c0c1bae37	Bacteria	Actinobacteriota	Acidimicrobiia	Microtrichales	uncultured	uncultured	
1c3b696668fcac4e492896722ca205ca	Bacteria	Actinobacteriota	Actinobacteria	Micromonosporales	Micromonosporaceae		
db7cb43f54d4a899a43d069a85619109	Bacteria	Latescibacterota	Latescibacterota	Latescibacterota	Latescibacterota	Latescibacterota	uncultured_Pelobacter
3a387935c2f38716cb908b7702a4fea6	Bacteria	Proteobacteria	Gammaproteobacteria	Xanthomonadales	Xanthomonadaceae		
1e40a56a9906504f32052517659c6417	Bacteria	Proteobacteria	Gammaproteobacteria	PLTA13	PLTA13	PLTA13	
41fdb5ccea541e5ed58352bb4fc8b989	Bacteria	Myxococcota	Polyangia	Polyangiales	Polyangiaceae	Pajaroellobacter	
502da662c9a103496f774b739ab593bc	Bacteria	Verrucomicrobiota	Verrucomicrobiae	Pedosphaerales	Pedosphaeraceae	uncultured	
6ea1e785c0296035b0c39a82b14df8cc	Bacteria	Proteobacteria	Alphaproteobacteria	Dongiales	Dongiaceae	Dongia	
ded12986f11012e4d6aa98360ec6511f	Bacteria	Proteobacteria	Alphaproteobacteria	Acetobacterales	Acetobacteraceae		
5a1629c43bdd3b3b61888beb6f48730b	Bacteria	Proteobacteria	Alphaproteobacteria	Rhizobiales	Xanthobacteraceae		
eabb429bba65723ff44ff5f6b05a1538	Bacteria	Chloroflexi	TK10	TK10	TK10	TK10	
94816c1f6bc9ced1009f8fe0cbc06f07	Bacteria	Bdellovibrionota	Bdellovibrionia	Bacteriovoracales	Bacteriovoracaceae	Peredibacter	Peredibacter_starrii
a96822820df1a20c47069540a087439d	Bacteria	Proteobacteria	Gammaproteobacteria	Methylococcales	Methylococcaceae	Methylocaldum	Methylocaldum_gracile
49387c753f2b81f77f35952708207061	Bacteria	Acidobacteriota	Subgroup_5	Subgroup_5	Subgroup_5	Subgroup_5	uncultured_bacterium
6d9edbd14a7d453498c071a4b437b4ba	Bacteria	Myxococcota	Polyangia	Polyangiales	Sandaracinaceae	Sandaracinus	uncultured_bacterium
da40f9a7a3cf261b6b3f8acb0c119d80	Bacteria	Proteobacteria	Alphaproteobacteria	Rhizobiales	Beijerinckiaceae	Microvirga	
3b418d2dcf085f6de4a10139146bab00	Bacteria	Actinobacteriota	Actinobacteria	Micrococcales	Promicromonosporaceae	Isoptericola	uncultured_bacterium
b4ec9fc7989d1e9716edf13450fd8576	Bacteria	Firmicutes	Clostridia	Clostridiales	Clostridiaceae	Clostridium_sensu_stricto_1	
0b1b2da72fe0cf1606512dd6f67bb63f	Bacteria	Proteobacteria	Gammaproteobacteria	Xanthomonadales			
16471363c8c382007153f669fb7b27ca	Bacteria	Proteobacteria	Alphaproteobacteria	Acetobacterales	Acetobacteraceae	Roseomonas	
c10b8d01c21c8b4022532c1e4dd32c74	Bacteria	Proteobacteria	Alphaproteobacteria	Rhizobiales	KF-JG30-B3	KF-JG30-B3	
56c381c51ebd90cef32808f8d4b3d457	Bacteria	Actinobacteriota	Actinobacteria	Micrococcales	Promicromonosporaceae	Promicromonospora	
04af73c494670491005795ed3d308786	Bacteria	Acidobacteriota	Acidobacteriae				
1bff4b068d8018e8c6c99a0a517b44a5	Bacteria	Proteobacteria	Gammaproteobacteria	Burkholderiales	Comamonadaceae		
b1198902a2f6daceefe1598d28bbcadd	Bacteria	Myxococcota	Myxococcia	Myxococcales	Myxococcaceae	P3OB-42	
a48e022f23e92b4e5625b2e887140890	Bacteria	Actinobacteriota	Thermoleophilia	Gaiellales	uncultured	uncultured	
6b624ad04d6acedcbb734f9680f1b938	Bacteria	Actinobacteriota	Acidimicrobiia	Actinomarinales	uncultured	uncultured	uncultured_soil
0629a357d4b6e84eddeaec6f0a6ec87f	Bacteria	Myxococcota	Polyangia	Polyangiales	BIrii41	BIrii41	uncultured_bacterium
6642dac0e2edee81d5604da65b0110eb	Bacteria	Proteobacteria	Gammaproteobacteria	Xanthomonadales	Rhodanobacteraceae	Pseudofulvimonas	uncultured_bacterium
8ef16e051499e839b463b5152868b056	Bacteria	Proteobacteria	Gammaproteobacteria	Pseudomonadales	Pseudomonadaceae	Pseudomonas	
cc7472000e026a50caa97b14468ed3e5	Bacteria	Acidobacteriota	Acidobacteriae	Bryobacterales	Bryobacteraceae	Bryobacter	
841e92a4cbf8181a7ccf00ab94c3a830	Bacteria	Proteobacteria	Alphaproteobacteria	uncultured	uncultured	uncultured	
5ea60a72e5324e94741bbdd47b742c72	Bacteria	Acidobacteriota	Acidobacteriae	Bryobacterales	Bryobacteraceae	Bryobacter	
2f02e8f8496bf5749124061e2582c803	Bacteria	Verrucomicrobiota	Verrucomicrobiae	Pedosphaerales	Pedosphaeraceae	Pedosphaeraceae	uncultured_Prosthecobacter
7e99bd16f873d18bec34050e7bf0b3ad	Bacteria	Firmicutes	Clostridia	Lachnospirales	Lachnospiraceae		
ef1a375580091c9f4f8cc3617fd037fd	Bacteria	Gemmatimonadota	Gemmatimonadetes	Gemmatimonadales	Gemmatimonadaceae	uncultured	
2d292a4044f71737fe376964a9c852f4	Bacteria	Acidobacteriota	Acidobacteriae	Bryobacterales	Bryobacteraceae	Bryobacter	
57320ef7f98dad80d3a2fab11acca4e1	Bacteria	Proteobacteria	Alphaproteobacteria	Sphingomonadales	Sphingomonadaceae	Novosphingobium	
010b0225a7a363344735b9349d29ceb7	Bacteria	Myxococcota	Polyangia	Nannocystales	Nannocystaceae	Pseudenhygromyxa	
c8e659ffc1194c3582511ce96f5358c3	Bacteria						
13462329f9792b93294f689a57ae4eea	Bacteria	Actinobacteriota	Actinobacteria	Micrococcales	Microbacteriaceae	Agromyces	
59628372b56db7ff3845d2e4a134f6b1	Bacteria	Actinobacteriota	Actinobacteria	Propionibacteriales	Nocardioidaceae	Marmoricola	
7c6c0a4979e3102a6fa7dd1c24152208	Bacteria	Actinobacteriota	Acidimicrobiia	Microtrichales	Ilumatobacteraceae		
36ae6bb697a7e76ec5e3846f6f4f6501	Bacteria	Proteobacteria	Alphaproteobacteria	Acetobacterales	Acetobacteraceae		
6e43c292ccd6a592fc9afd65b73c35bd	Bacteria	Myxococcota	Polyangia	Nannocystales	Nannocystaceae	Nannocystis	uncultured_bacterium
bcd46be2042aa98f9781aa9fd243db02	Bacteria	Gemmatimonadota	BD2-11_terrestrial_group	BD2-11_terrestrial_group	BD2-11_terrestrial_group	BD2-11_terrestrial_group	
d96824fe96ae7362d4e72ed09db39d68	Bacteria	Proteobacteria	Gammaproteobacteria	PLTA13	PLTA13	PLTA13	metagenome
e49eb434857193876ee04395bf66ddbf	Bacteria	Acidobacteriota	Thermoanaerobaculia	Thermoanaerobaculales	Thermoanaerobaculaceae	Subgroup_10	
fed4ff063d70632305f8d7ef3c2c7fe9	Bacteria	Proteobacteria	Alphaproteobacteria	Reyranellales	Reyranellaceae	Reyranella	
7d7f36fd50514321cd04429fca665477	Bacteria	Proteobacteria	Alphaproteobacteria	Acetobacterales	Acetobacteraceae	Roseomonas	
c8dec97f9c0d3aa17b21d30805d0e9db	Bacteria	Proteobacteria	Gammaproteobacteria				
ee2eedd47176cb7b6e38a8eabb92458e	Bacteria	Bdellovibrionota	Bdellovibrionia	Bacteriovoracales	Bacteriovoracaceae	Peredibacter	uncultured_prokaryote
e82c27f7245680e2a6387fd5c6f06b46	Bacteria	Myxococcota	Polyangia	Haliangiales	Haliangiaceae	Haliangium	
898aab6f6cbc7c95f2a34efd8ab2bccc	Bacteria						
752ed1d839772854257b81dadd29d965	Bacteria	Planctomycetota	Phycisphaerae	Phycisphaerales	Phycisphaeraceae	SM1A02	uncultured_planctomycete
7091cc7ffc314451f861d511c10a7aac	Bacteria	Bacteroidota	Bacteroidia	Cytophagales	Hymenobacteraceae	Adhaeribacter	
e37445b855cfbedaec4c61f90d079798	Bacteria	Actinobacteriota	Acidimicrobiia	IMCC26256	IMCC26256	IMCC26256	uncultured_Actinomycetales
24cbfb927ab3e577db6017bb3a748c40	Bacteria	Acidobacteriota	Subgroup_5	Subgroup_5	Subgroup_5	Subgroup_5	uncultured_bacterium
78a18767125cb2907965365be7d00238	Bacteria	Actinobacteriota	MB-A2-108	MB-A2-108	MB-A2-108	MB-A2-108	
c45f8fae1f649e87d05baf30b1ba4fd1	Bacteria	Acidobacteriota	Thermoanaerobaculia	Thermoanaerobaculales	Thermoanaerobaculaceae	Subgroup_10	uncultured_Alphaproteobacteria
2cb014ea8ff9a55f66db8f120b309b79	Bacteria	Myxococcota	Polyangia	Haliangiales	Haliangiaceae	Haliangium	
141a80ce6e0003465603fd36138f1dd7	Bacteria	Proteobacteria	Alphaproteobacteria	uncultured	uncultured	uncultured	uncultured_Rhodospirillaceae
075d64ea641bafbf2f311339f02425ca	Bacteria	Proteobacteria	Alphaproteobacteria	Reyranellales	Reyranellaceae	uncultured	
abe983efa2969c297a790f66f5a7e018	Bacteria	Proteobacteria	Gammaproteobacteria	Salinisphaerales	Solimonadaceae	uncultured	uncultured_bacterium
97ae5421da6f85de7bff7d5b6517a523	Bacteria	Actinobacteriota	Actinobacteria	Pseudonocardiales	Pseudonocardiaceae	Kibdelosporangium	
360ac6a480fd7c3aa5e8adbd4d91a4db	Bacteria	Nitrospirota	Nitrospiria	Nitrospirales	Nitrospiraceae	Nitrospira	uncultured_soil
f3955e6dcaa492d6b134e9352de88348	Bacteria	Actinobacteriota	Acidimicrobiia	Microtrichales			
7893c727746caf11c3f2ce5ce8babbfc	Bacteria	Proteobacteria	Alphaproteobacteria	Tistrellales	Geminicoccaceae	Geminicoccus	uncultured_bacterium
2b42f3d351e790fb6ad2f2ff887c6077	Bacteria	Gemmatimonadota	Gemmatimonadetes	Gemmatimonadales	Gemmatimonadaceae		
4f63eb2e927e3420605bb25deb5e6d94	Bacteria	Proteobacteria	Alphaproteobacteria	Rhizobiales	Methyloligellaceae	uncultured	
3757f2a569af0c7ea461b753351ba6ef	Bacteria						
051e3243eb1e1899791744e73e25c9fc	Bacteria	Myxococcota	Polyangia	Polyangiales	Sandaracinaceae		
e809224785c84543e8761538b91c41c7	Bacteria	Proteobacteria	Gammaproteobacteria	Burkholderiales	Rhodocyclaceae	Azoarcus	
b33a166ceb7d4d938c45de628bd94e3f	Bacteria	Proteobacteria	Alphaproteobacteria	Rhizobiales	Beijerinckiaceae	alphaI_cluster	
da98c0b306a066568ed70b82fb5f1766	Bacteria	Myxococcota	Polyangia	Haliangiales	Haliangiaceae	Haliangium	
8fa557e46b8351e17e209997edda300b	Bacteria	Myxococcota	Polyangia	Haliangiales	Haliangiaceae	Haliangium	uncultured_proteobacterium
9d807a118cc9ad0324fb293c154c26f4	Bacteria	Entotheonellaeota	Entotheonellia	Entotheonellales	Entotheonellaceae	Candidatus_Entotheonella	uncultured_bacterium
3f4bb317aa08b7dfe90fa571356bfdc1	Bacteria	Firmicutes	Bacilli	Bacillales	Bacillaceae	Bacillus	
5897f64594dcffafd14ffb92c5458957	Bacteria	Actinobacteriota	Acidimicrobiia	uncultured	uncultured	uncultured	uncultured_Aciditerrimonas
9ef77a661ae0f45df90dfb1d934b6e7f	Bacteria	Acidobacteriota	Acidobacteriae	Bryobacterales	Bryobacteraceae	Bryobacter	
8c73ea9deaf92e50091090b9aeee5e24	Bacteria	Desulfobacterota	uncultured	uncultured	uncultured	uncultured	uncultured_Desulfuromonadales
0de1175c296275d29f0fe7db6cd23373	Bacteria	Dependentiae	Babeliae	Babeliales	Vermiphilaceae	Vermiphilaceae	
50fc9a0bbcffcda82cc26ee18bd9fa46	Bacteria	Actinobacteriota	Actinobacteria	Micromonosporales	Micromonosporaceae	Micromonospora	uncultured_actinobacterium
f6dee821a769f5c2f2452e8f5ef7156e	Bacteria	NB1-j	NB1-j	NB1-j	NB1-j	NB1-j	
a01b2406a21790b8536b5448aa5785a0	Bacteria	Proteobacteria	Alphaproteobacteria	Acetobacterales	Acetobacteraceae	uncultured	Paracraurococcus_sp.
0bb84a0a880d905634e3c297e76fcb63	Bacteria	Actinobacteriota	Actinobacteria	Frankiales	Nakamurellaceae	Nakamurella	uncultured_Nakamurellaceae
225d04df85debf8eb594e263b89e8efb	Bacteria	Firmicutes	Bacilli	Bacillales	Bacillaceae	Sinibacillus	
62daeba2578ff049013e7b7fce5a0e55	Bacteria	Acidobacteriota	Acidobacteriae	Bryobacterales	Bryobacteraceae	Bryobacter	
dda5f32d4b8e9e5afcc9d4d563b665b5	Bacteria	Actinobacteriota	Actinobacteria	Corynebacteriales	Nocardiaceae	Rhodococcus	
626e723161939e36ece1ba094e406fb4	Bacteria	Actinobacteriota	Actinobacteria	Micrococcales	Microbacteriaceae	Microbacterium	
3b869182f658a672988bc5ac1509aa76	Bacteria	Chloroflexi	Chloroflexia	Chloroflexales	Herpetosiphonaceae	Herpetosiphon	uncultured_Chloroflexi
733c45c21948fbbe28afe6040770a741	Bacteria	Myxococcota	Polyangia	Haliangiales	Haliangiaceae	Haliangium	
35676206fd301c9f99515e390cc07356	Bacteria	Firmicutes	Clostridia	Peptostreptococcales-Tissierellales	Peptostreptococcales-Tissierellales	Tissierella	uncultured_bacterium
563aeace924357ee80f38d4ba1319054	Bacteria	Proteobacteria	Gammaproteobacteria	Burkholderiales	Nitrosomonadaceae	Ellin6067	
dc4b0c6dd7b2be474447273a19e90bc1	Bacteria	Myxococcota	Polyangia	Polyangiales	Phaselicystidaceae	Phaselicystis	uncultured_Sorangiineae
f62cd5a26004d69c6353864309c483fc	Bacteria	Actinobacteriota	Actinobacteria	0319-7L14	0319-7L14	0319-7L14	uncultured_bacterium
1e60765ba9636c5ea1be7e3909bb2c27	Bacteria	Actinobacteriota	Actinobacteria	Streptosporangiales	Streptosporangiaceae	Streptosporangium	
0f41592c06e6cb090230eca9a18992f7	Bacteria	Proteobacteria	Gammaproteobacteria	Gammaproteobacteria_Incertae_Sedis	Unknown_Family	Acidibacter	
de9bc939f13b183822e23739310a83af	Bacteria	Firmicutes	Clostridia	Peptostreptococcales-Tissierellales	Sedimentibacteraceae	Sedimentibacter	
feec839360245d52b543689fd3df4bfd	Bacteria	Planctomycetota	Phycisphaerae	Phycisphaerales	Phycisphaeraceae	SM1A02	uncultured_planctomycete
d10f5a6b227af36b882c53ab2fcfdf15	Bacteria	Proteobacteria	Alphaproteobacteria				
91743c8529b80125c404d0c17b38a541	Bacteria	Proteobacteria	Gammaproteobacteria	Xanthomonadales	Rhodanobacteraceae	Ahniella	uncultured_bacterium
e8b2a084fb19d810d3bb002cbaca064d	Bacteria	Verrucomicrobiota	Verrucomicrobiae	Pedosphaerales	Pedosphaeraceae	Pedosphaeraceae	
fa6e516f3ce4fc4d934549099532162c	Bacteria	Actinobacteriota	Actinobacteria	Frankiales			
766de33ec144d93b32ec827ebd2b98fd	Bacteria	Acidobacteriota	Acidobacteriae	Bryobacterales	Bryobacteraceae	Bryobacter	
23a9220a03387f7cfe3867de4c4172f1	Bacteria	Actinobacteriota	Acidimicrobiia	Microtrichales			
5d0767d903ea5456328392668ea511bc	Bacteria	Planctomycetota	Pla4_lineage	Pla4_lineage	Pla4_lineage	Pla4_lineage	
b9d47eaf934c20852e177d36d3416a39	Bacteria	Proteobacteria	Alphaproteobacteria	Rhizobiales	Xanthobacteraceae	Xanthobacteraceae	uncultured_bacterium
4b4e87cd84bc7b1a1a68694e316d5b03	Bacteria	Actinobacteriota	Actinobacteria	Pseudonocardiales	Pseudonocardiaceae	Lechevalieria	
d26d9bdc42fb0a06c488379b46bc56db	Bacteria	Bacteroidota	Bacteroidia	Cytophagales	Hymenobacteraceae	Adhaeribacter	
c725f422a0117677f486e3042ee12f93	Bacteria	Proteobacteria	Alphaproteobacteria	Reyranellales	Reyranellaceae	Reyranella	
84347212a4caea3d668e5fdcab77fdea	Bacteria	Myxococcota	Myxococcia	Myxococcales	Myxococcaceae	P3OB-42	uncultured_bacterium
da7a857676b673ac15a5aae421b1729a	Bacteria	Chloroflexi	Anaerolineae	Ardenticatenales	Ardenticatenaceae	uncultured	
2f8ba99dc54a16678dcefb5bf1d474a5	Bacteria	Myxococcota	Polyangia	Haliangiales	Haliangiaceae	Haliangium	uncultured_Myxococcales
c457cd42e589eb86640001f5a0584961	Bacteria	Verrucomicrobiota	Verrucomicrobiae	Pedosphaerales	Pedosphaeraceae	Pedosphaeraceae	
e0ca8646ad1969798278b8632092ac81	Bacteria	Gemmatimonadota	Gemmatimonadetes	Gemmatimonadales	Gemmatimonadaceae	Gemmatimonas	uncultured_Gemmatimonadetes
1b1e80e1b0e83acd552183444ddb222e	Bacteria	Proteobacteria	Alphaproteobacteria	uncultured	uncultured	uncultured	uncultured_Rhodospirillales
93da96a7079e95e4d7a933b0ae3ce985	Bacteria						
38e3d7dfb09cbe6d69c41dd292a3c8d3	Bacteria	Myxococcota	Polyangia	Nannocystales	Nannocystaceae	Pseudenhygromyxa	uncultured_bacterium
1263477fbf1ffb3ef2abbb8f9d5439a4	Bacteria	Proteobacteria	Gammaproteobacteria	Burkholderiales	Comamonadaceae		
2e84338f7fbf49f632e7bcb2d97663fc	Bacteria	Myxococcota	Polyangia	Polyangiales	BIrii41	BIrii41	uncultured_bacterium
62310b11e5e0325308a8bcb8847d06c7	Bacteria	Actinobacteriota	Actinobacteria	Frankiales	Nakamurellaceae	Nakamurella	uncultured_bacterium
dc115e11d85d9df2845f227cec7baae5	Bacteria	Proteobacteria	Alphaproteobacteria	Micropepsales	Micropepsaceae	uncultured	
5d5b584612ad92af70579296a1310a7e	Bacteria	Proteobacteria	Gammaproteobacteria	PLTA13	PLTA13	PLTA13	
45132f0bcbaa0621552d6ad2937ba3d2	Bacteria	Actinobacteriota	Actinobacteria	Propionibacteriales	Propionibacteriaceae	Haloactinopolyspora	uncultured_bacterium
8aa3658ee5eff21b55cc019a049ce97e	Bacteria	Myxococcota	Polyangia	Blfdi19	Blfdi19	Blfdi19	
8804e7ef92649222daa76261f0ef568e	Bacteria	Firmicutes	Bacilli	Paenibacillales	Paenibacillaceae	Paenibacillus	
0129d15dfad8af0ab8889034c4c58d89	Bacteria	Proteobacteria	Gammaproteobacteria	Pseudomonadales	Pseudomonadaceae		
c9f1e29ad3a6fdb4858230aa664aa541	Bacteria	Gemmatimonadota	Gemmatimonadetes	Gemmatimonadales	Gemmatimonadaceae	uncultured	uncultured_organism
7c61c29a6a56e59aa440fec5cf7294b9	Bacteria	Acidobacteriota	Acidobacteriae	Bryobacterales	Bryobacteraceae	Bryobacter	
59383d4b81547dae4a55475fcc3ade5f	Bacteria	Myxococcota	Polyangia	Haliangiales	Haliangiaceae	Haliangium	
846fc411589326ea1c57a3f5017ef6f6	Bacteria	Proteobacteria	Alphaproteobacteria	Rhizobiales	KF-JG30-B3	KF-JG30-B3	
834ca323e9d5d598137d0f77a85d0809	Bacteria	Proteobacteria	Alphaproteobacteria	Reyranellales	Reyranellaceae	uncultured	uncultured_soil
063435176b47d2dd633a382267a8272a	Bacteria	Myxococcota	Polyangia	Haliangiales	Haliangiaceae	Haliangium	
d7a9a3e27d15d0ee147711d584515688	Bacteria	Chloroflexi	Anaerolineae	Ardenticatenales	Ardenticatenaceae	uncultured	uncultured_bacterium
ab3c745ce87813b92b6ca31f1ff08f64	Bacteria	Firmicutes	Clostridia	Clostridiales	Clostridiaceae	Clostridium_sensu_stricto_1	
8d47a9b0b333056eb0e2ef6f58fe4383	Bacteria	Verrucomicrobiota	Verrucomicrobiae	Pedosphaerales	Pedosphaeraceae	uncultured	
6b4fd2db86524f469cd0deafb2300ee9	Bacteria	Myxococcota	Polyangia	mle1-27	mle1-27	mle1-27	
f4675e3f3c100f5ddef881a67ad8a816	Bacteria	Proteobacteria	Gammaproteobacteria	R7C24	R7C24	R7C24	
878197fe1916212794ede7dfa913e083	Bacteria	Myxococcota	Polyangia	Blfdi19	Blfdi19	Blfdi19	uncultured_bacterium
0fb8776fb99050a7523e7f79d25350e6	Bacteria	Myxococcota	Polyangia	Haliangiales	Haliangiaceae	Haliangium	
79ef8ab832c1917968d92c853be22a7b	Bacteria	Myxococcota	Polyangia	VHS-B3-70	VHS-B3-70	VHS-B3-70	uncultured_bacterium
4a91a50843fd988cf99653d0e7ef9a1e	Bacteria	Actinobacteriota	Actinobacteria	Micrococcales	Microbacteriaceae	Mycetocola	
8145fd280bc86593e327d47e2e91944b	Bacteria	Myxococcota	Polyangia	Polyangiales	Polyangiaceae	Pajaroellobacter	bacterium_enrichment
a40518453e040578336966d35c6aefd1	Bacteria	Chloroflexi	TK10	TK10	TK10	TK10	uncultured_Chloroflexi
d645f9106a1da35b62244d7689efb3e7	Bacteria	Proteobacteria	Alphaproteobacteria	uncultured	uncultured	uncultured	
01811ae04b83c4bf9e2171868a126cb2	Bacteria	Planctomycetota	vadinHA49	vadinHA49	vadinHA49	vadinHA49	uncultured_Planctomycetaceae
60795862bd7a0a808ab6df58bf76838a	Bacteria	Chloroflexi	Anaerolineae	Ardenticatenales	Ardenticatenaceae	uncultured	uncultured_bacterium
1d63310e02eb7a5394f5b464b52b647c	Bacteria	Latescibacterota	Latescibacterota	Latescibacterota	Latescibacterota	Latescibacterota	
338517ae4b9d06021abbaa5589935867	Bacteria	Chloroflexi					
93202e0fc5a9c25e77e8f2b8606b8374	Bacteria	Proteobacteria	Gammaproteobacteria	Burkholderiales	Nitrosomonadaceae	mle1-7	
65d0828a68022c46d1e8000d05de6c4e	Bacteria	Proteobacteria	Alphaproteobacteria	Rhizobiales	Beijerinckiaceae		
49826623bdf9d29a3212a7b214deac0a	Bacteria	Myxococcota	Polyangia	Polyangiales	BIrii41	BIrii41	
390ea21683ba669f2c575bc82089f2ff	Bacteria	Firmicutes	Bacilli	Bacillales	Bacillaceae	Bacillus	
73e577f5a1d9fedb2b822da93e6e0be0	Bacteria	Verrucomicrobiota	Verrucomicrobiae	Pedosphaerales	Pedosphaeraceae	uncultured	uncultured_Verrucomicrobia
a7f64ecdf8bb9c0fa0cda25155520abb	Bacteria	Proteobacteria	Gammaproteobacteria	Acidiferrobacterales	Acidiferrobacteraceae	Sulfurifustis	uncultured_bacterium
1cab152598fa880b69f90dedbc3cff2b	Bacteria	Proteobacteria	Alphaproteobacteria	Elsterales	uncultured	uncultured	
33b0f45000f94326a45661baae6e6386	Bacteria	Verrucomicrobiota	Verrucomicrobiae	Pedosphaerales	Pedosphaeraceae	Pedosphaeraceae	uncultured_bacterium
83774918c320c6fc82657f35a7cda173	Bacteria	Proteobacteria	Alphaproteobacteria	uncultured	uncultured	uncultured	uncultured_Rhodospirillales
a0eb39703578b418d11c5c79a4ece232	Bacteria	Acidobacteriota	Subgroup_5	Subgroup_5	Subgroup_5	Subgroup_5	uncultured_Truepera
acf09bbe4c22cf842232fd5d29de70c6	Bacteria	Desulfobacterota	uncultured	uncultured	uncultured	uncultured	
c0aa9359a623d36382070d12b7b300b1	Bacteria	Halanaerobiaeota	Halanaerobiia	Halanaerobiales	Halobacteroidaceae	uncultured	
ce69d1dcb5e2169082e75a8b581f437f	Bacteria	Myxococcota	Polyangia	Polyangiales	BIrii41	BIrii41	
b0a5bcfda496d60bca2546f1729ff1c9	Bacteria	Myxococcota	Polyangia	Haliangiales	Haliangiaceae	Haliangium	
3152d899d4a31c8f5f2e0e563ed6194c	Bacteria	Bacteroidota	Bacteroidia	Flavobacteriales	Flavobacteriaceae	Flavobacterium	Flavobacterium_hauense
d0e2d2dece9197311cfff4acb0bde3bd	Bacteria	Bdellovibrionota	Oligoflexia	0319-6G20	0319-6G20	0319-6G20	
3d29ea0a02c10c41848c128f07f1caa4	Bacteria	Bdellovibrionota	Bdellovibrionia	Bdellovibrionales	Bdellovibrionaceae	Bdellovibrio	uncultured_bacterium
d04a84f15c6700c77fcffc23a754a90f	Bacteria	Firmicutes	Limnochordia	MBA03	MBA03	MBA03	
5cc7b5515a1be2b0846436c8026cd723	Bacteria	Firmicutes	Bacilli	Thermoactinomycetales	Thermoactinomycetaceae	Thermoactinomyces	uncultured_bacterium
bc5d64764364316418affaa649111593	Bacteria	Proteobacteria	Alphaproteobacteria	Rhizobiales			
848a6f68506fa96f7a417a00f274a893	Bacteria	Proteobacteria	Gammaproteobacteria	Burkholderiales	Alcaligenaceae		
6e7e224843fdd8f70a06b4ed9b7aaf5e	Bacteria	Bdellovibrionota	Bdellovibrionia	Bdellovibrionales	Bdellovibrionaceae	OM27_clade	
368b81f0157c28936575c646e59aa37b	Bacteria	Proteobacteria	Alphaproteobacteria	Acetobacterales	Acetobacteraceae		
85b4331b18facff6cb4b939749f378b8	Bacteria	Chloroflexi	Chloroflexia	Chloroflexales	Roseiflexaceae	uncultured	uncultured_bacterium
885a4a90d901f59a5aaabd47b6a7526d	Bacteria	Bacteroidota	SJA-28	SJA-28	SJA-28	SJA-28	
c1f9d6172306163e63d7c0204fe9a6f5	Bacteria						
f6751dfc59888a2937ba1611d97b6c9a	Bacteria	Proteobacteria	Alphaproteobacteria	Rhodobacterales	Rhodobacteraceae	Rubellimicrobium	
9d3ae334a439a53a4df64ed297a592a8	Bacteria	Acidobacteriota	Thermoanaerobaculia	Thermoanaerobaculales	Thermoanaerobaculaceae	Subgroup_10	metagenome
777589565cead2f4e1561402a612f124	Bacteria	Planctomycetota	Phycisphaerae	Phycisphaerales	Phycisphaeraceae	SM1A02	metagenome
089d2232fb8ee3418867c7b1f78a2ba4	Bacteria	Chloroflexi	TK10	TK10	TK10	TK10	uncultured_bacterium
64ddae71f0acb4539e7a0c0831f749df	Bacteria	Myxococcota	Polyangia	Haliangiales	Haliangiaceae	Haliangium	
4fbeb2bc47a5066d1d3ad5b7e53a63da	Bacteria	Proteobacteria	Gammaproteobacteria	Burkholderiales			
4fa366c45f1640829286542a8b65c91c	Bacteria	Acidobacteriota	Acidobacteriae	Bryobacterales	Bryobacteraceae	Bryobacter	
833b86dcd97e9324d0d7b59ecb895a61	Bacteria	Proteobacteria	Gammaproteobacteria	Acidiferrobacterales	Acidiferrobacteraceae	Sulfurifustis	uncultured_bacterium
421492ff33a1fcdbeedcb32bdab4e366	Bacteria	Chloroflexi	TK10	TK10	TK10	TK10	uncultured_bacterium
076811cee0d60b18a7c39a2cf14b1848	Bacteria	Proteobacteria	Alphaproteobacteria	Reyranellales	Reyranellaceae	uncultured	uncultured_Rhodospirillales
10f5b9e157434bdf58196860fe265e1d	Bacteria	Myxococcota	Polyangia	Polyangiales	BIrii41	BIrii41	uncultured_bacterium
499f89c7ec3470bab0abd2aa4ab01b0a	Bacteria	Armatimonadota	Fimbriimonadia	Fimbriimonadales	Fimbriimonadaceae	Fimbriimonadaceae	
bb42654bbaffcc35aa28840690992e28	Bacteria	Myxococcota	bacteriap25	bacteriap25	bacteriap25	bacteriap25	uncultured_Desulfuromonadales
e13f8d240f1d9ed293aae34281783f78	Bacteria	Proteobacteria	Gammaproteobacteria	Acidiferrobacterales	Acidiferrobacteraceae	Sulfurifustis	
a2f69eebb1be4fcce034d72f2577e05a	Bacteria	Myxococcota	Polyangia	Haliangiales	Haliangiaceae	Haliangium	
53af4a04f684f6d04727ae8b305eda9a	Bacteria	Acidobacteriota	Holophagae	Subgroup_7	Subgroup_7	Subgroup_7	
d1ccbbc880e38876941bf44b764633ee	Bacteria	Verrucomicrobiota	Verrucomicrobiae	Pedosphaerales	Pedosphaeraceae	Pedosphaeraceae	
c6b72860516718e881edd63596e12aa7	Bacteria	Actinobacteriota	Actinobacteria	Propionibacteriales	Nocardioidaceae	Nocardioides	
5dfa840c50dea9ad1743697fe80b5587	Bacteria	Planctomycetota	Phycisphaerae	Phycisphaerales	Phycisphaeraceae	SM1A02	uncultured_bacterium
abbc39a51e2a4bc4677d19c2a7b14a8e	Bacteria	Acidobacteriota	Acidobacteriae	Subgroup_12	Subgroup_12	Subgroup_12	uncultured_bacterium
c1c40b2066144f4f870b0245b3862ca8	Bacteria	Entotheonellaeota	Entotheonellia	Entotheonellales	Entotheonellaceae	Entotheonellaceae	uncultured_bacterium
e6ee2a49f260e088df9171ae40843799	Bacteria	Proteobacteria	Gammaproteobacteria	Steroidobacterales	Steroidobacteraceae		
ca8bbe96cef4241a3208677c9c896fff	Bacteria	Acidobacteriota	Subgroup_25	Subgroup_25	Subgroup_25	Subgroup_25	uncultured_bacterium
164116508de8244faa95a8b7081637ca	Bacteria	Chloroflexi	Chloroflexia	Chloroflexales	Herpetosiphonaceae	Herpetosiphon	uncultured_Chloroflexi
a1b29686f2b8035e7641bf537f3927a9	Bacteria	Chloroflexi					
2a3365fe151f065a081608fc17f65ea0	Bacteria	Bacteroidota	Bacteroidia	Bacteroidales	Tannerellaceae	Macellibacteroides	
622ed2c7be4fefee6af981d22b0b052b	Bacteria	Bacteroidota	Bacteroidia	Chitinophagales	Saprospiraceae	uncultured	uncultured_soil
3ad0c26fec7459d8707f885ff520c689	Bacteria	Acidobacteriota	Blastocatellia				
62c745004de04b7164be3f6054884e23	Bacteria	Firmicutes	Bacilli	Lactobacillales	Streptococcaceae	Streptococcus	
2625101c381b4ca55fda886dee8e38de	Bacteria	Acidobacteriota	Thermoanaerobaculia	Thermoanaerobaculales	Thermoanaerobaculaceae	Subgroup_10	uncultured_prokaryote
0b0482798e9edbe28e1484ccc3c17cdd	Bacteria	Proteobacteria	Alphaproteobacteria	Rhizobiales	Pleomorphomonadaceae	Chthonobacter	
ce070f62f7bdf3ef308e04b4ab6b5417	Bacteria	Proteobacteria	Alphaproteobacteria	Acetobacterales	Acetobacteraceae	Roseomonas	
801bf8fb0c1989770c8db6fbc9243891	Bacteria	Cyanobacteria	Sericytochromatia	Sericytochromatia	Sericytochromatia	Sericytochromatia	
1a9a5ab72c7197378531d15c213fe158	Bacteria	Actinobacteriota	MB-A2-108	MB-A2-108	MB-A2-108	MB-A2-108	uncultured_Micromonospora
80e98c725146b20ab98e0ecfe5fde506	Bacteria	Proteobacteria	Gammaproteobacteria	Burkholderiales	Burkholderiaceae	Limnobacter	
6ba6737fe982a0b2cfebc4d5e4642d3b	Bacteria	Chloroflexi	Chloroflexia	Chloroflexales	Roseiflexaceae	uncultured	uncultured_bacterium
5c0a49c80462cb9a8eafe7e96022834a	Bacteria	Firmicutes					
4d812d2a3621cb5fa6c34c9cfb0983a6	Bacteria	Firmicutes	Bacilli	Lactobacillales	Carnobacteriaceae	Desemzia	
da306f67cdf09c46bdfdaa9a764e65d3	Bacteria	Proteobacteria	Gammaproteobacteria	Burkholderiales	Methylophilaceae	Methylotenera	
a07371bf4e6414979d61f4e0648ecb01	Bacteria	Bacteroidota	Bacteroidia	Flavobacteriales	Flavobacteriaceae	Flavobacterium	
438b9e4af5b66a9f530105bdff4d4572	Bacteria	Bacteroidota	Kapabacteria	Kapabacteriales	Kapabacteriales	Kapabacteriales	
878149cf32497ca15e6db986ec426320	Bacteria	Chloroflexi					
397d9045fb43dc71efba6dac182448bf	Bacteria	SAR324_clade(Marine_group_B)	SAR324_clade(Marine_group_B)	SAR324_clade(Marine_group_B)	SAR324_clade(Marine_group_B)	SAR324_clade(Marine_group_B)	
150db4c96980f16ca05d5990417fce1d	Bacteria	Latescibacterota	Latescibacterota	Latescibacterota	Latescibacterota	Latescibacterota	uncultured_Pelobacter
12eb4a945f8c90e48a927d876d67bc33	Bacteria	Proteobacteria	Gammaproteobacteria	Acidiferrobacterales	Acidiferrobacteraceae	Sulfurifustis	
9035ae35318a8d9c738b81317484e11e	Bacteria	Chloroflexi					
2445ae6fc3fd1184c80abe5e1914abe6	Bacteria	Actinobacteriota	Acidimicrobiia	IMCC26256	IMCC26256	IMCC26256	
ae700a9e8f3199102ef0511eecb79900	Bacteria	Armatimonadota	Fimbriimonadia	Fimbriimonadales	Fimbriimonadaceae	Fimbriimonadaceae	
fbb863cb572b15ae267b0f25f6066ed2	Bacteria	Acidobacteriota	Subgroup_11	Subgroup_11	Subgroup_11	Subgroup_11	uncultured_bacterium
aadd419d3c5a5d2eb8bc6d69abe9db37	Bacteria	Planctomycetota	Planctomycetes	Pirellulales	Pirellulaceae		
cc78afb7e9bfcbe40d0930627b438056	Bacteria	Chloroflexi	Anaerolineae	Ardenticatenales	Ardenticatenaceae	uncultured	
46d7bc548568ac87730775ad0976ba92	Bacteria	Nitrospirota	Nitrospiria	Nitrospirales	Nitrospiraceae	Nitrospira	uncultured_soil
ceff735f8c831094a73f070fb3bedb59	Bacteria	Proteobacteria	Alphaproteobacteria	Rhizobiales	Stappiaceae	Pannonibacter	uncultured_bacterium
554ee422cafed5211018f08f852be576	Bacteria	Proteobacteria	Alphaproteobacteria	uncultured	uncultured	uncultured	
71b53441709dbc33c1a757e5ca252645	Bacteria	Proteobacteria	Alphaproteobacteria	Rhizobiales	Beijerinckiaceae	alphaI_cluster	
9d521bb4c0f9335c5f434d29b51d74fa	Bacteria	Firmicutes	Clostridia	Clostridiales	Clostridiaceae	Clostridium_sensu_stricto_18	
45d42202de3a85b294688ce9f8345e4c	Bacteria	Actinobacteriota	Actinobacteria	0319-7L14	0319-7L14	0319-7L14	uncultured_bacterium
79c9715c065e4083260e3a5dd8c45695	Bacteria	Bacteroidota	Ignavibacteria	Ignavibacteriales	BSV40	BSV40	uncultured_Chlorobiales
18549d24778278d6540bc49987a4aced	Bacteria	Proteobacteria	Gammaproteobacteria	EPR3968-O8a-Bc78	EPR3968-O8a-Bc78	EPR3968-O8a-Bc78	uncultured_bacterium
